Hardware,ConditionID,SourceCondition,GestureID,Gesture,N_trials,ST_mean_s,ST_sd_s,CT_mean_s,CT_sd_s,RTA_mean_pct,RTA_sd_pct,CR_pct
MainBoard,1,0,1,Grasp and Release,10,0.063305,0.121099,1.117600,0.136451,95.565744,9.063659,90.000000
MainBoard,1,0,2,Wrist Flexion/Extension,10,0.028137,0.005676,1.060135,0.026311,100.000000,0.000000,100.000000
MainBoard,1,0,3,Fourth and Fifth Fingers,10,0.025009,0.000001,1.055793,0.017768,100.000000,0.000000,100.000000
MainBoard,1,0,4,Tripod Pinch,10,0.037514,0.013181,1.086668,0.038242,97.108014,1.493855,70.000000
MainBoard,2,15,1,Grasp and Release,10,0.075076,0.146823,1.085231,0.143908,96.779661,10.183606,90.000000
MainBoard,2,15,2,Wrist Flexion/Extension,10,0.025009,0.000002,1.036047,0.013174,100.000000,0.000000,100.000000
MainBoard,2,15,3,Fourth and Fifth Fingers,10,0.025037,0.000067,1.038332,0.010038,100.000000,0.000000,100.000000
MainBoard,2,15,4,Tripod Pinch,10,0.030012,0.010545,1.041014,0.023761,99.268293,1.178161,100.000000
MainBoard,3,25,1,Grasp and Release,10,0.068113,0.128471,1.095375,0.146306,97.142857,9.035079,90.000000
MainBoard,3,25,2,Wrist Flexion/Extension,10,0.029171,0.004839,1.055332,0.030338,100.000000,0.000000,100.000000
MainBoard,3,25,3,Fourth and Fifth Fingers,10,0.056745,0.034504,1.071574,0.041061,96.688275,2.740632,90.000000
MainBoard,3,25,4,Tripod Pinch,10,0.027651,0.004329,1.067231,0.057497,99.279907,1.613803,80.000000
MainBoard,4,5,1,Grasp and Release,10,0.082186,0.185483,1.135708,0.170987,95.373597,11.267400,80.000000
MainBoard,4,5,2,Wrist Flexion/Extension,10,0.025009,0.000001,1.056463,0.031330,100.000000,0.000000,100.000000
MainBoard,4,5,3,Fourth and Fifth Fingers,10,0.124169,0.023217,1.181048,0.023217,91.783617,2.031243,10.000000
MainBoard,4,5,4,Tripod Pinch,10,0.032512,0.020590,1.089308,0.026896,98.072009,1.884892,90.000000
MainBoard,5,6,1,Grasp and Release,10,0.057522,0.102810,1.062536,0.120414,97.547170,7.756530,90.000000
MainBoard,5,6,2,Wrist Flexion/Extension,10,0.031999,0.010470,1.027887,0.020111,100.000000,0.000000,100.000000
MainBoard,5,6,3,Fourth and Fifth Fingers,10,0.174270,0.016448,1.178688,0.024606,87.930928,1.347120,0.000000
MainBoard,5,6,4,Tripod Pinch,10,0.027510,0.007908,1.027811,0.021013,90.765529,5.130523,100.000000
MainBoard,6,75,1,Grasp and Release,10,0.066001,0.126226,1.103333,0.123029,97.142857,9.035079,80.000000
MainBoard,6,75,2,Wrist Flexion/Extension,10,0.030799,0.010423,1.051276,0.028814,99.512195,1.028383,100.000000
MainBoard,6,75,3,Fourth and Fifth Fingers,10,0.194649,0.029130,1.232353,0.053530,85.345401,2.331571,0.000000
MainBoard,6,75,4,Tripod Pinch,10,0.025007,0.000005,1.046180,0.009751,83.744608,2.378897,100.000000
PC,1,0,1,Grasp and Release,10,0.055802,0.097373,1.059560,0.140436,95.367155,8.288991,90.000000
PC,1,0,2,Wrist Flexion/Extension,10,0.029144,0.007140,0.999045,0.031319,100.000000,0.000000,100.000000
PC,1,0,3,Fourth and Fifth Fingers,10,0.025448,0.001470,0.989485,0.026041,100.000000,0.000000,100.000000
PC,1,0,4,Tripod Pinch,10,0.043655,0.021751,1.011282,0.068783,98.327526,2.260884,90.000000
PC,2,15,1,Grasp and Release,10,0.066756,0.132009,1.027709,0.146376,97.017544,9.431354,90.000000
PC,2,15,2,Wrist Flexion/Extension,10,0.025011,0.000002,0.979379,0.011142,100.000000,0.000000,100.000000
PC,2,15,3,Fourth and Fifth Fingers,10,0.027904,0.004558,0.976430,0.011863,100.000000,0.000000,100.000000
PC,2,15,4,Tripod Pinch,10,0.027839,0.007821,0.980260,0.037886,99.268293,1.178161,100.000000
PC,3,25,1,Grasp and Release,10,0.061096,0.113315,1.035676,0.150026,97.407407,8.198498,90.000000
PC,3,25,2,Wrist Flexion/Extension,10,0.028636,0.011467,0.992416,0.037626,100.000000,0.000000,100.000000
PC,3,25,3,Fourth and Fifth Fingers,10,0.051425,0.027681,1.011862,0.044241,95.780731,3.067839,100.000000
PC,3,25,4,Tripod Pinch,10,0.030012,0.010545,1.025824,0.065541,99.268293,1.178161,80.000000
PC,4,5,1,Grasp and Release,10,0.080883,0.159795,1.077528,0.169376,95.447154,10.184800,80.000000
PC,4,5,2,Wrist Flexion/Extension,10,0.028250,0.006155,0.999980,0.029340,100.000000,0.000000,100.000000
PC,4,5,3,Fourth and Fifth Fingers,10,0.093704,0.028765,1.123634,0.027010,89.917170,1.718471,40.000000
PC,4,5,4,Tripod Pinch,10,0.035015,0.017488,1.013919,0.032088,99.279907,1.613803,100.000000
PC,5,6,1,Grasp and Release,10,0.056954,0.085933,0.992511,0.127067,97.843137,6.820599,90.000000
PC,5,6,2,Wrist Flexion/Extension,10,0.025010,0.000002,0.970362,0.033581,100.000000,0.000000,100.000000
PC,5,6,3,Fourth and Fifth Fingers,10,0.115538,0.017339,1.113261,0.021156,87.729469,0.997870,70.000000
PC,5,6,4,Tripod Pinch,10,0.029642,0.009767,0.942909,0.023056,95.479167,4.979455,100.000000
PC,6,75,1,Grasp and Release,10,0.060262,0.108083,1.048343,0.130770,97.407407,8.198498,80.000000
PC,6,75,2,Wrist Flexion/Extension,10,0.025009,0.000007,0.997259,0.046671,99.756098,0.771287,100.000000
PC,6,75,3,Fourth and Fifth Fingers,10,0.138331,0.030266,1.169888,0.055438,85.185103,2.759229,20.000000
PC,6,75,4,Tripod Pinch,10,0.040684,0.038884,0.971867,0.025160,83.725223,4.534659,100.000000
