ConditionID,SourceCondition,GestureID,Gesture,Trial,Hardware,ST_s,CT_s,RTA_pct,Completion
1,0,1,Grasp and Release,1,PC,0.332931000,1.446215000,72.727272727,0
1,0,1,Grasp and Release,2,PC,0.025009000,0.975381000,100.000000000,1
1,0,1,Grasp and Release,3,PC,0.025010000,1.004959000,100.000000000,1
1,0,1,Grasp and Release,4,PC,0.025011000,0.961908000,100.000000000,1
1,0,1,Grasp and Release,5,PC,0.025010000,1.050409000,93.023255814,1
1,0,1,Grasp and Release,6,PC,0.025010000,1.036053000,97.560975610,1
1,0,1,Grasp and Release,7,PC,0.025008000,1.040207000,97.560975610,1
1,0,1,Grasp and Release,8,PC,0.025010000,1.075422000,97.560975610,1
1,0,1,Grasp and Release,9,PC,0.025010000,1.020218000,95.238095238,1
1,0,1,Grasp and Release,10,PC,0.025009000,0.984832000,100.000000000,1
1,0,1,Grasp and Release,1,MainBoard,0.407959000,1.496234000,70.175438596,0
1,0,1,Grasp and Release,2,MainBoard,0.025011000,1.075420000,97.560975610,1
1,0,1,Grasp and Release,3,MainBoard,0.025009000,1.054976000,100.000000000,1
1,0,1,Grasp and Release,4,MainBoard,0.025011000,1.036937000,100.000000000,1
1,0,1,Grasp and Release,5,MainBoard,0.025010000,1.050409000,100.000000000,1
1,0,1,Grasp and Release,6,MainBoard,0.025012000,1.111081000,97.560975610,1
1,0,1,Grasp and Release,7,MainBoard,0.025006000,1.115236000,97.560975610,1
1,0,1,Grasp and Release,8,MainBoard,0.025008000,1.100431000,97.560975610,1
1,0,1,Grasp and Release,9,MainBoard,0.025009000,1.100427000,95.238095238,1
1,0,1,Grasp and Release,10,MainBoard,0.025010000,1.034852000,100.000000000,1
1,0,2,Wrist Flexion/Extension,1,PC,0.025009000,0.979768000,100.000000000,1
1,0,2,Wrist Flexion/Extension,2,PC,0.025010000,0.999087000,100.000000000,1
1,0,2,Wrist Flexion/Extension,3,PC,0.025009000,1.013555000,100.000000000,1
1,0,2,Wrist Flexion/Extension,4,PC,0.025011000,0.941483000,100.000000000,1
1,0,2,Wrist Flexion/Extension,5,PC,0.035990000,1.025399000,100.000000000,1
1,0,2,Wrist Flexion/Extension,6,PC,0.045103000,1.039886000,100.000000000,1
1,0,2,Wrist Flexion/Extension,7,PC,0.025009000,1.015315000,100.000000000,1
1,0,2,Wrist Flexion/Extension,8,PC,0.025013000,1.025395000,100.000000000,1
1,0,2,Wrist Flexion/Extension,9,PC,0.025010000,0.990794000,100.000000000,1
1,0,2,Wrist Flexion/Extension,10,PC,0.035274000,0.959769000,100.000000000,1
1,0,2,Wrist Flexion/Extension,1,MainBoard,0.029460000,1.054792000,100.000000000,1
1,0,2,Wrist Flexion/Extension,2,MainBoard,0.025008000,1.049107000,100.000000000,1
1,0,2,Wrist Flexion/Extension,3,MainBoard,0.025010000,1.100429000,100.000000000,1
1,0,2,Wrist Flexion/Extension,4,MainBoard,0.036429000,1.016511000,100.000000000,1
1,0,2,Wrist Flexion/Extension,5,MainBoard,0.025010000,1.089463000,100.000000000,1
1,0,2,Wrist Flexion/Extension,6,MainBoard,0.025011000,1.064893000,100.000000000,1
1,0,2,Wrist Flexion/Extension,7,MainBoard,0.025009000,1.065336000,100.000000000,1
1,0,2,Wrist Flexion/Extension,8,MainBoard,0.025004000,1.085206000,100.000000000,1
1,0,2,Wrist Flexion/Extension,9,MainBoard,0.040422000,1.040813000,100.000000000,1
1,0,2,Wrist Flexion/Extension,10,MainBoard,0.025009000,1.034797000,100.000000000,1
1,0,3,Fourth and Fifth Fingers,1,PC,0.025010000,0.975382000,100.000000000,1
1,0,3,Fourth and Fifth Fingers,2,PC,0.025009000,0.945855000,100.000000000,1
1,0,3,Fourth and Fifth Fingers,3,PC,0.029627000,0.995769000,100.000000000,1
1,0,3,Fourth and Fifth Fingers,4,PC,0.025009000,0.975378000,100.000000000,1
1,0,3,Fourth and Fifth Fingers,5,PC,0.024995000,0.995557000,100.000000000,1
1,0,3,Fourth and Fifth Fingers,6,PC,0.025010000,1.025398000,100.000000000,1
1,0,3,Fourth and Fifth Fingers,7,PC,0.025009000,1.025399000,100.000000000,1
1,0,3,Fourth and Fifth Fingers,8,PC,0.024790000,1.005548000,100.000000000,1
1,0,3,Fourth and Fifth Fingers,9,PC,0.025010000,0.990848000,100.000000000,1
1,0,3,Fourth and Fifth Fingers,10,PC,0.025010000,0.959717000,100.000000000,1
1,0,3,Fourth and Fifth Fingers,1,MainBoard,0.025010000,1.050409000,100.000000000,1
1,0,3,Fourth and Fifth Fingers,2,MainBoard,0.025008000,1.058722000,100.000000000,1
1,0,3,Fourth and Fifth Fingers,3,MainBoard,0.025010000,1.070798000,100.000000000,1
1,0,3,Fourth and Fifth Fingers,4,MainBoard,0.025009000,1.025398000,100.000000000,1
1,0,3,Fourth and Fifth Fingers,5,MainBoard,0.025008000,1.070586000,100.000000000,1
1,0,3,Fourth and Fifth Fingers,6,MainBoard,0.025010000,1.075417000,100.000000000,1
1,0,3,Fourth and Fifth Fingers,7,MainBoard,0.025010000,1.075417000,100.000000000,1
1,0,3,Fourth and Fifth Fingers,8,MainBoard,0.025009000,1.055569000,100.000000000,1
1,0,3,Fourth and Fifth Fingers,9,MainBoard,0.025011000,1.040867000,100.000000000,1
1,0,3,Fourth and Fifth Fingers,10,MainBoard,0.025010000,1.034748000,100.000000000,1
1,0,4,Tripod Pinch,1,PC,0.037540000,0.954805000,95.238095238,1
1,0,4,Tripod Pinch,2,PC,0.062551000,0.908745000,100.000000000,1
1,0,4,Tripod Pinch,3,PC,0.025009000,0.937005000,100.000000000,1
1,0,4,Tripod Pinch,4,PC,0.025012000,1.050422000,95.238095238,1
1,0,4,Tripod Pinch,5,PC,0.038814000,1.025391000,100.000000000,1
1,0,4,Tripod Pinch,6,PC,0.063824000,1.075431000,100.000000000,1
1,0,4,Tripod Pinch,7,PC,0.088835000,1.025399000,100.000000000,1
1,0,4,Tripod Pinch,8,PC,0.025010000,1.140325000,95.238095238,0
1,0,4,Tripod Pinch,9,PC,0.025011000,0.985602000,100.000000000,1
1,0,4,Tripod Pinch,10,PC,0.044943000,1.009692000,97.560975610,1
1,0,4,Tripod Pinch,1,MainBoard,0.025010000,1.087914000,97.560975610,1
1,0,4,Tripod Pinch,2,MainBoard,0.050018000,1.008784000,97.560975610,1
1,0,4,Tripod Pinch,3,MainBoard,0.025010000,1.062054000,97.560975610,1
1,0,4,Tripod Pinch,4,MainBoard,0.050019000,1.125450000,95.238095238,0
1,0,4,Tripod Pinch,5,MainBoard,0.025010000,1.125431000,95.238095238,0
1,0,4,Tripod Pinch,6,MainBoard,0.050020000,1.125451000,95.238095238,0
1,0,4,Tripod Pinch,7,MainBoard,0.025010000,1.090536000,100.000000000,1
1,0,4,Tripod Pinch,8,MainBoard,0.050019000,1.115316000,97.560975610,1
1,0,4,Tripod Pinch,9,MainBoard,0.025009000,1.060632000,97.560975610,1
1,0,4,Tripod Pinch,10,MainBoard,0.050019000,1.065114000,97.560975610,1
2,15,1,Grasp and Release,1,PC,0.442460000,1.442854000,70.175438596,0
2,15,1,Grasp and Release,2,PC,0.025010000,0.975389000,100.000000000,1
2,15,1,Grasp and Release,3,PC,0.025012000,0.968078000,100.000000000,1
2,15,1,Grasp and Release,4,PC,0.025013000,0.965820000,100.000000000,1
2,15,1,Grasp and Release,5,PC,0.025010000,0.975409000,100.000000000,1
2,15,1,Grasp and Release,6,PC,0.025012000,0.998370000,100.000000000,1
2,15,1,Grasp and Release,7,PC,0.025009000,0.975374000,100.000000000,1
2,15,1,Grasp and Release,8,PC,0.025010000,0.994062000,100.000000000,1
2,15,1,Grasp and Release,9,PC,0.025010000,1.000396000,100.000000000,1
2,15,1,Grasp and Release,10,PC,0.025010000,0.981335000,100.000000000,1
2,15,1,Grasp and Release,1,MainBoard,0.492479000,1.492874000,67.796610169,0
2,15,1,Grasp and Release,2,MainBoard,0.025012000,1.025406000,100.000000000,1
2,15,1,Grasp and Release,3,MainBoard,0.042731000,1.043116000,100.000000000,1
2,15,1,Grasp and Release,4,MainBoard,0.040447000,1.040842000,100.000000000,1
2,15,1,Grasp and Release,5,MainBoard,0.025009000,1.025426000,100.000000000,1
2,15,1,Grasp and Release,6,MainBoard,0.025037000,1.048390000,100.000000000,1
2,15,1,Grasp and Release,7,MainBoard,0.025006000,1.025393000,100.000000000,1
2,15,1,Grasp and Release,8,MainBoard,0.025015000,1.069091000,100.000000000,1
2,15,1,Grasp and Release,9,MainBoard,0.025011000,1.050416000,100.000000000,1
2,15,1,Grasp and Release,10,MainBoard,0.025011000,1.031354000,100.000000000,1
2,15,2,Wrist Flexion/Extension,1,PC,0.025009000,0.975385000,100.000000000,1
2,15,2,Wrist Flexion/Extension,2,PC,0.025010000,0.980452000,100.000000000,1
2,15,2,Wrist Flexion/Extension,3,PC,0.025009000,0.957607000,100.000000000,1
2,15,2,Wrist Flexion/Extension,4,PC,0.025013000,0.977968000,100.000000000,1
2,15,2,Wrist Flexion/Extension,5,PC,0.025014000,0.975368000,100.000000000,1
2,15,2,Wrist Flexion/Extension,6,PC,0.025009000,0.982040000,100.000000000,1
2,15,2,Wrist Flexion/Extension,7,PC,0.025009000,0.993924000,100.000000000,1
2,15,2,Wrist Flexion/Extension,8,PC,0.025011000,0.998568000,100.000000000,1
2,15,2,Wrist Flexion/Extension,9,PC,0.025011000,0.975384000,100.000000000,1
2,15,2,Wrist Flexion/Extension,10,PC,0.025010000,0.977099000,100.000000000,1
2,15,2,Wrist Flexion/Extension,1,MainBoard,0.025010000,1.027838000,100.000000000,1
2,15,2,Wrist Flexion/Extension,2,MainBoard,0.025010000,1.050405000,100.000000000,1
2,15,2,Wrist Flexion/Extension,3,MainBoard,0.025007000,1.009800000,100.000000000,1
2,15,2,Wrist Flexion/Extension,4,MainBoard,0.025007000,1.043352000,100.000000000,1
2,15,2,Wrist Flexion/Extension,5,MainBoard,0.025012000,1.025389000,100.000000000,1
2,15,2,Wrist Flexion/Extension,6,MainBoard,0.025009000,1.032058000,100.000000000,1
2,15,2,Wrist Flexion/Extension,7,MainBoard,0.025010000,1.043943000,100.000000000,1
2,15,2,Wrist Flexion/Extension,8,MainBoard,0.025010000,1.054865000,100.000000000,1
2,15,2,Wrist Flexion/Extension,9,MainBoard,0.025011000,1.036284000,100.000000000,1
2,15,2,Wrist Flexion/Extension,10,MainBoard,0.025009000,1.036538000,100.000000000,1
2,15,3,Fourth and Fifth Fingers,1,PC,0.025010000,0.982951000,100.000000000,1
2,15,3,Fourth and Fifth Fingers,2,PC,0.025010000,0.975385000,100.000000000,1
2,15,3,Fourth and Fifth Fingers,3,PC,0.025013000,0.968197000,100.000000000,1
2,15,3,Fourth and Fifth Fingers,4,PC,0.025007000,0.977543000,100.000000000,1
2,15,3,Fourth and Fifth Fingers,5,PC,0.031813000,0.993592000,100.000000000,1
2,15,3,Fourth and Fifth Fingers,6,PC,0.026988000,0.983605000,100.000000000,1
2,15,3,Fourth and Fifth Fingers,7,PC,0.025013000,0.975384000,100.000000000,1
2,15,3,Fourth and Fifth Fingers,8,PC,0.029457000,0.970933000,100.000000000,1
2,15,3,Fourth and Fifth Fingers,9,PC,0.039085000,0.986326000,100.000000000,1
2,15,3,Fourth and Fifth Fingers,10,PC,0.026643000,0.950379000,100.000000000,1
2,15,3,Fourth and Fifth Fingers,1,MainBoard,0.025011000,1.034381000,100.000000000,1
2,15,3,Fourth and Fifth Fingers,2,MainBoard,0.025010000,1.025406000,100.000000000,1
2,15,3,Fourth and Fifth Fingers,3,MainBoard,0.025014000,1.043218000,100.000000000,1
2,15,3,Fourth and Fifth Fingers,4,MainBoard,0.025066000,1.032392000,100.000000000,1
2,15,3,Fourth and Fifth Fingers,5,MainBoard,0.025010000,1.043613000,100.000000000,1
2,15,3,Fourth and Fifth Fingers,6,MainBoard,0.025012000,1.048439000,100.000000000,1
2,15,3,Fourth and Fifth Fingers,7,MainBoard,0.025008000,1.025404000,100.000000000,1
2,15,3,Fourth and Fifth Fingers,8,MainBoard,0.025221000,1.050419000,100.000000000,1
2,15,3,Fourth and Fifth Fingers,9,MainBoard,0.025010000,1.050416000,100.000000000,1
2,15,3,Fourth and Fifth Fingers,10,MainBoard,0.025008000,1.029632000,100.000000000,1
2,15,4,Tripod Pinch,1,PC,0.026516000,1.000402000,100.000000000,1
2,15,4,Tripod Pinch,2,PC,0.025006000,0.941112000,97.560975610,1
2,15,4,Tripod Pinch,3,PC,0.050013000,0.975375000,100.000000000,1
2,15,4,Tripod Pinch,4,PC,0.025014000,0.985145000,100.000000000,1
2,15,4,Tripod Pinch,5,PC,0.025015000,1.000382000,100.000000000,1
2,15,4,Tripod Pinch,6,PC,0.025011000,0.975383000,100.000000000,1
2,15,4,Tripod Pinch,7,PC,0.025011000,1.025401000,100.000000000,1
2,15,4,Tripod Pinch,8,PC,0.025007000,0.973634000,100.000000000,1
2,15,4,Tripod Pinch,9,PC,0.026793000,1.025404000,97.560975610,1
2,15,4,Tripod Pinch,10,PC,0.025009000,0.900359000,97.560975610,1
2,15,4,Tripod Pinch,1,MainBoard,0.025011000,1.050422000,97.560975610,1
2,15,4,Tripod Pinch,2,MainBoard,0.050022000,1.023477000,100.000000000,1
2,15,4,Tripod Pinch,3,MainBoard,0.025012000,1.025396000,100.000000000,1
2,15,4,Tripod Pinch,4,MainBoard,0.025005000,1.035164000,100.000000000,1
2,15,4,Tripod Pinch,5,MainBoard,0.025010000,1.050400000,100.000000000,1
2,15,4,Tripod Pinch,6,MainBoard,0.025014000,1.025403000,100.000000000,1
2,15,4,Tripod Pinch,7,MainBoard,0.025009000,1.075421000,97.560975610,1
2,15,4,Tripod Pinch,8,MainBoard,0.025008000,1.048636000,100.000000000,1
2,15,4,Tripod Pinch,9,MainBoard,0.050017000,1.075424000,97.560975610,1
2,15,4,Tripod Pinch,10,MainBoard,0.025010000,1.000402000,100.000000000,1
3,25,1,Grasp and Release,1,PC,0.383590000,1.459008000,74.074074074,0
3,25,1,Grasp and Release,2,PC,0.025009000,1.014626000,100.000000000,1
3,25,1,Grasp and Release,3,PC,0.027291000,0.973143000,100.000000000,1
3,25,1,Grasp and Release,4,PC,0.025008000,1.000396000,100.000000000,1
3,25,1,Grasp and Release,5,PC,0.025005000,0.975385000,100.000000000,1
3,25,1,Grasp and Release,6,PC,0.025011000,1.007868000,100.000000000,1
3,25,1,Grasp and Release,7,PC,0.025010000,0.986615000,100.000000000,1
3,25,1,Grasp and Release,8,PC,0.025010000,0.950379000,100.000000000,1
3,25,1,Grasp and Release,9,PC,0.025010000,0.982268000,100.000000000,1
3,25,1,Grasp and Release,10,PC,0.025011000,1.007071000,100.000000000,1
3,25,1,Grasp and Release,1,MainBoard,0.433609000,1.509027000,71.428571429,0
3,25,1,Grasp and Release,2,MainBoard,0.033287000,1.064645000,100.000000000,1
3,25,1,Grasp and Release,3,MainBoard,0.025002000,1.048174000,100.000000000,1
3,25,1,Grasp and Release,4,MainBoard,0.025010000,1.050413000,100.000000000,1
3,25,1,Grasp and Release,5,MainBoard,0.025009000,1.025404000,100.000000000,1
3,25,1,Grasp and Release,6,MainBoard,0.032489000,1.057887000,100.000000000,1
3,25,1,Grasp and Release,7,MainBoard,0.025009000,1.036633000,100.000000000,1
3,25,1,Grasp and Release,8,MainBoard,0.025010000,1.029049000,100.000000000,1
3,25,1,Grasp and Release,9,MainBoard,0.025013000,1.050419000,100.000000000,1
3,25,1,Grasp and Release,10,MainBoard,0.031693000,1.082101000,100.000000000,1
3,25,2,Wrist Flexion/Extension,1,PC,0.025009000,1.066999000,100.000000000,1
3,25,2,Wrist Flexion/Extension,2,PC,0.025010000,0.975388000,100.000000000,1
3,25,2,Wrist Flexion/Extension,3,PC,0.025010000,0.987212000,100.000000000,1
3,25,2,Wrist Flexion/Extension,4,PC,0.025011000,0.975387000,100.000000000,1
3,25,2,Wrist Flexion/Extension,5,PC,0.025010000,0.995545000,100.000000000,1
3,25,2,Wrist Flexion/Extension,6,PC,0.025011000,0.986548000,100.000000000,1
3,25,2,Wrist Flexion/Extension,7,PC,0.061272000,0.953667000,100.000000000,1
3,25,2,Wrist Flexion/Extension,8,PC,0.025009000,0.953873000,100.000000000,1
3,25,2,Wrist Flexion/Extension,9,PC,0.025010000,0.979122000,100.000000000,1
3,25,2,Wrist Flexion/Extension,10,PC,0.025011000,1.050416000,100.000000000,1
3,25,2,Wrist Flexion/Extension,1,MainBoard,0.025011000,1.117018000,100.000000000,1
3,25,2,Wrist Flexion/Extension,2,MainBoard,0.033236000,1.050415000,100.000000000,1
3,25,2,Wrist Flexion/Extension,3,MainBoard,0.030745000,1.062240000,100.000000000,1
3,25,2,Wrist Flexion/Extension,4,MainBoard,0.032837000,1.050419000,100.000000000,1
3,25,2,Wrist Flexion/Extension,5,MainBoard,0.031346000,1.045565000,100.000000000,1
3,25,2,Wrist Flexion/Extension,6,MainBoard,0.025010000,1.036567000,100.000000000,1
3,25,2,Wrist Flexion/Extension,7,MainBoard,0.025008000,1.032617000,100.000000000,1
3,25,2,Wrist Flexion/Extension,8,MainBoard,0.025010000,1.028903000,100.000000000,1
3,25,2,Wrist Flexion/Extension,9,MainBoard,0.025008000,1.029143000,100.000000000,1
3,25,2,Wrist Flexion/Extension,10,MainBoard,0.038498000,1.100435000,100.000000000,1
3,25,3,Fourth and Fifth Fingers,1,PC,0.025008000,1.002270000,100.000000000,1
3,25,3,Fourth and Fifth Fingers,2,PC,0.075028000,0.944356000,95.238095238,1
3,25,3,Fourth and Fifth Fingers,3,PC,0.075029000,1.011307000,95.238095238,1
3,25,3,Fourth and Fifth Fingers,4,PC,0.075020000,1.050406000,95.238095238,1
3,25,3,Fourth and Fifth Fingers,5,PC,0.025010000,1.025404000,100.000000000,1
3,25,3,Fourth and Fifth Fingers,6,PC,0.029315000,0.968007000,93.023255814,1
3,25,3,Fourth and Fifth Fingers,7,PC,0.050019000,0.975380000,93.023255814,1
3,25,3,Fourth and Fifth Fingers,8,PC,0.025009000,1.025405000,100.000000000,1
3,25,3,Fourth and Fifth Fingers,9,PC,0.034774000,1.015651000,93.023255814,1
3,25,3,Fourth and Fifth Fingers,10,PC,0.100041000,1.100433000,93.023255814,1
3,25,3,Fourth and Fifth Fingers,1,MainBoard,0.025011000,1.052289000,97.560975610,1
3,25,3,Fourth and Fifth Fingers,2,MainBoard,0.025011000,1.025401000,100.000000000,1
3,25,3,Fourth and Fifth Fingers,3,MainBoard,0.075031000,1.086337000,95.238095238,1
3,25,3,Fourth and Fifth Fingers,4,MainBoard,0.092262000,1.106660000,95.238095238,1
3,25,3,Fourth and Fifth Fingers,5,MainBoard,0.075030000,1.075423000,95.238095238,1
3,25,3,Fourth and Fifth Fingers,6,MainBoard,0.025009000,1.021105000,100.000000000,1
3,25,3,Fourth and Fifth Fingers,7,MainBoard,0.025010000,1.031959000,97.560975610,1
3,25,3,Fourth and Fifth Fingers,8,MainBoard,0.100039000,1.100436000,93.023255814,1
3,25,3,Fourth and Fifth Fingers,9,MainBoard,0.025009000,1.065671000,100.000000000,1
3,25,3,Fourth and Fifth Fingers,10,MainBoard,0.100042000,1.150454000,93.023255814,0
3,25,4,Tripod Pinch,1,PC,0.025009000,0.963061000,100.000000000,1
3,25,4,Tripod Pinch,2,PC,0.025010000,1.025403000,100.000000000,1
3,25,4,Tripod Pinch,3,PC,0.025009000,0.950371000,97.560975610,1
3,25,4,Tripod Pinch,4,PC,0.050020000,1.050414000,97.560975610,1
3,25,4,Tripod Pinch,5,PC,0.025012000,1.025405000,100.000000000,1
3,25,4,Tripod Pinch,6,PC,0.050021000,0.989187000,100.000000000,1
3,25,4,Tripod Pinch,7,PC,0.025010000,0.981963000,100.000000000,1
3,25,4,Tripod Pinch,8,PC,0.025009000,1.000392000,100.000000000,1
3,25,4,Tripod Pinch,9,PC,0.025009000,1.146599000,100.000000000,0
3,25,4,Tripod Pinch,10,PC,0.025010000,1.125443000,97.560975610,0
3,25,4,Tripod Pinch,1,MainBoard,0.035763000,1.069492000,100.000000000,1
3,25,4,Tripod Pinch,2,MainBoard,0.033138000,1.050413000,100.000000000,1
3,25,4,Tripod Pinch,3,MainBoard,0.025009000,1.000391000,100.000000000,1
3,25,4,Tripod Pinch,4,MainBoard,0.025009000,1.050414000,100.000000000,1
3,25,4,Tripod Pinch,5,MainBoard,0.032542000,1.082950000,100.000000000,1
3,25,4,Tripod Pinch,6,MainBoard,0.025010000,1.014197000,100.000000000,1
3,25,4,Tripod Pinch,7,MainBoard,0.025009000,1.031983000,100.000000000,1
3,25,4,Tripod Pinch,8,MainBoard,0.025010000,1.050412000,97.560975610,1
3,25,4,Tripod Pinch,9,MainBoard,0.025010000,1.196618000,100.000000000,0
3,25,4,Tripod Pinch,10,MainBoard,0.025009000,1.125443000,95.238095238,0
4,5,1,Grasp and Release,1,PC,0.534400000,1.534788000,66.666666667,0
4,5,1,Grasp and Release,2,PC,0.025019000,0.963465000,100.000000000,1
4,5,1,Grasp and Release,3,PC,0.025012000,1.050416000,100.000000000,1
4,5,1,Grasp and Release,4,PC,0.024625000,0.991463000,100.000000000,1
4,5,1,Grasp and Release,5,PC,0.025008000,0.975383000,97.560975610,1
4,5,1,Grasp and Release,6,PC,0.024990000,1.000390000,97.560975610,1
4,5,1,Grasp and Release,7,PC,0.025011000,1.016749000,100.000000000,1
4,5,1,Grasp and Release,8,PC,0.025009000,1.016846000,97.560975610,1
4,5,1,Grasp and Release,9,PC,0.037373000,1.141982000,97.560975610,0
4,5,1,Grasp and Release,10,PC,0.062384000,1.083803000,97.560975610,1
4,5,1,Grasp and Release,1,MainBoard,0.609430000,1.615815000,63.492063492,0
4,5,1,Grasp and Release,2,MainBoard,0.025004000,1.038493000,100.000000000,1
4,5,1,Grasp and Release,3,MainBoard,0.000000000,1.050416000,100.000000000,1
4,5,1,Grasp and Release,4,MainBoard,0.025010000,1.100433000,97.560975610,1
4,5,1,Grasp and Release,5,MainBoard,0.025009000,1.075422000,97.560975610,1
4,5,1,Grasp and Release,6,MainBoard,0.025001000,1.075422000,100.000000000,1
4,5,1,Grasp and Release,7,MainBoard,0.025010000,1.083427000,100.000000000,1
4,5,1,Grasp and Release,8,MainBoard,0.025007000,1.091868000,97.560975610,1
4,5,1,Grasp and Release,9,MainBoard,0.037373000,1.141982000,97.560975610,0
4,5,1,Grasp and Release,10,MainBoard,0.025011000,1.083803000,100.000000000,1
4,5,2,Wrist Flexion/Extension,1,PC,0.025009000,0.968266000,100.000000000,1
4,5,2,Wrist Flexion/Extension,2,PC,0.043621000,1.000390000,100.000000000,1
4,5,2,Wrist Flexion/Extension,3,PC,0.025011000,1.000387000,100.000000000,1
4,5,2,Wrist Flexion/Extension,4,PC,0.025011000,0.950373000,100.000000000,1
4,5,2,Wrist Flexion/Extension,5,PC,0.030369000,0.995043000,100.000000000,1
4,5,2,Wrist Flexion/Extension,6,PC,0.025009000,0.980294000,100.000000000,1
4,5,2,Wrist Flexion/Extension,7,PC,0.025009000,1.045942000,100.000000000,1
4,5,2,Wrist Flexion/Extension,8,PC,0.033422000,1.000407000,100.000000000,1
4,5,2,Wrist Flexion/Extension,9,PC,0.025024000,1.033285000,100.000000000,1
4,5,2,Wrist Flexion/Extension,10,PC,0.025010000,1.025412000,100.000000000,1
4,5,2,Wrist Flexion/Extension,1,MainBoard,0.025007000,1.018278000,100.000000000,1
4,5,2,Wrist Flexion/Extension,2,MainBoard,0.025009000,1.050410000,100.000000000,1
4,5,2,Wrist Flexion/Extension,3,MainBoard,0.025008000,1.050409000,100.000000000,1
4,5,2,Wrist Flexion/Extension,4,MainBoard,0.025011000,1.000393000,100.000000000,1
4,5,2,Wrist Flexion/Extension,5,MainBoard,0.025011000,1.050410000,100.000000000,1
4,5,2,Wrist Flexion/Extension,6,MainBoard,0.025010000,1.067677000,100.000000000,1
4,5,2,Wrist Flexion/Extension,7,MainBoard,0.025007000,1.100422000,100.000000000,1
4,5,2,Wrist Flexion/Extension,8,MainBoard,0.025010000,1.050425000,100.000000000,1
4,5,2,Wrist Flexion/Extension,9,MainBoard,0.025010000,1.091685000,100.000000000,1
4,5,2,Wrist Flexion/Extension,10,MainBoard,0.025010000,1.084518000,100.000000000,1
4,5,3,Fourth and Fifth Fingers,1,PC,0.057048000,1.069283000,90.909090909,1
4,5,3,Fourth and Fifth Fingers,2,PC,0.100027000,1.138490000,88.888888889,0
4,5,3,Fourth and Fifth Fingers,3,PC,0.137104000,1.150452000,90.909090909,0
4,5,3,Fourth and Fifth Fingers,4,PC,0.142906000,1.100419000,90.909090909,1
4,5,3,Fourth and Fifth Fingers,5,PC,0.075031000,1.150463000,86.956521739,0
4,5,3,Fourth and Fifth Fingers,6,PC,0.092212000,1.133927000,88.888888889,0
4,5,3,Fourth and Fifth Fingers,7,PC,0.058261000,1.125458000,90.909090909,0
4,5,3,Fourth and Fifth Fingers,8,PC,0.083528000,1.116930000,88.888888889,1
4,5,3,Fourth and Fifth Fingers,9,PC,0.100041000,1.100439000,93.023255814,1
4,5,3,Fourth and Fifth Fingers,10,PC,0.090882000,1.150483000,88.888888889,0
4,5,3,Fourth and Fifth Fingers,1,MainBoard,0.107066000,1.119298000,93.023255814,1
4,5,3,Fourth and Fifth Fingers,2,MainBoard,0.131524000,1.188510000,90.909090909,0
4,5,3,Fourth and Fifth Fingers,3,MainBoard,0.087986000,1.188415000,95.238095238,0
4,5,3,Fourth and Fifth Fingers,4,MainBoard,0.157205000,1.182617000,88.888888889,0
4,5,3,Fourth and Fifth Fingers,5,MainBoard,0.125050000,1.200483000,90.909090909,0
4,5,3,Fourth and Fifth Fingers,6,MainBoard,0.142292000,1.183947000,90.909090909,0
4,5,3,Fourth and Fifth Fingers,7,MainBoard,0.108278000,1.192313000,93.023255814,0
4,5,3,Fourth and Fifth Fingers,8,MainBoard,0.158604000,1.200472000,88.888888889,0
4,5,3,Fourth and Fifth Fingers,9,MainBoard,0.107797000,1.178939000,93.023255814,0
4,5,3,Fourth and Fifth Fingers,10,MainBoard,0.115891000,1.175489000,93.023255814,0
4,5,4,Tripod Pinch,1,PC,0.025013000,1.000373000,97.560975610,1
4,5,4,Tripod Pinch,2,PC,0.050026000,1.037379000,100.000000000,1
4,5,4,Tripod Pinch,3,PC,0.025008000,0.981406000,100.000000000,1
4,5,4,Tripod Pinch,4,PC,0.025009000,1.000402000,100.000000000,1
4,5,4,Tripod Pinch,5,PC,0.025007000,1.016743000,100.000000000,1
4,5,4,Tripod Pinch,6,PC,0.025011000,0.991712000,95.238095238,1
4,5,4,Tripod Pinch,7,PC,0.025009000,1.071491000,100.000000000,1
4,5,4,Tripod Pinch,8,PC,0.050021000,0.966804000,100.000000000,1
4,5,4,Tripod Pinch,9,PC,0.075031000,1.025413000,100.000000000,1
4,5,4,Tripod Pinch,10,PC,0.025012000,1.047469000,100.000000000,1
4,5,4,Tripod Pinch,1,MainBoard,0.000000000,1.050386000,95.238095238,1
4,5,4,Tripod Pinch,2,MainBoard,0.025006000,1.087398000,100.000000000,1
4,5,4,Tripod Pinch,3,MainBoard,0.050009000,1.093528000,100.000000000,1
4,5,4,Tripod Pinch,4,MainBoard,0.025012000,1.106007000,95.238095238,1
4,5,4,Tripod Pinch,5,MainBoard,0.025010000,1.091774000,100.000000000,1
4,5,4,Tripod Pinch,6,MainBoard,0.025011000,1.041731000,97.560975610,1
4,5,4,Tripod Pinch,7,MainBoard,0.050022000,1.125444000,97.560975610,0
4,5,4,Tripod Pinch,8,MainBoard,0.075032000,1.075432000,100.000000000,1
4,5,4,Tripod Pinch,9,MainBoard,0.025009000,1.108134000,97.560975610,1
4,5,4,Tripod Pinch,10,MainBoard,0.025010000,1.113248000,97.560975610,1
5,6,1,Grasp and Release,1,PC,0.300105000,1.350521000,78.431372549,0
5,6,1,Grasp and Release,2,PC,0.025010000,0.950371000,100.000000000,1
5,6,1,Grasp and Release,3,PC,0.025009000,0.925362000,100.000000000,1
5,6,1,Grasp and Release,4,PC,0.025008000,0.950371000,100.000000000,1
5,6,1,Grasp and Release,5,PC,0.025009000,0.971621000,100.000000000,1
5,6,1,Grasp and Release,6,PC,0.025008000,0.950370000,100.000000000,1
5,6,1,Grasp and Release,7,PC,0.045864000,0.925380000,100.000000000,1
5,6,1,Grasp and Release,8,PC,0.025009000,0.950371000,100.000000000,1
5,6,1,Grasp and Release,9,PC,0.048510000,0.975367000,100.000000000,1
5,6,1,Grasp and Release,10,PC,0.025006000,0.975380000,100.000000000,1
5,6,1,Grasp and Release,1,MainBoard,0.350125000,1.400511000,75.471698113,0
5,6,1,Grasp and Release,2,MainBoard,0.025010000,1.025400000,100.000000000,1
5,6,1,Grasp and Release,3,MainBoard,0.025010000,1.000390000,100.000000000,1
5,6,1,Grasp and Release,4,MainBoard,0.025009000,1.050408000,100.000000000,1
5,6,1,Grasp and Release,5,MainBoard,0.025010000,1.046651000,100.000000000,1
5,6,1,Grasp and Release,6,MainBoard,0.025010000,1.000389000,100.000000000,1
5,6,1,Grasp and Release,7,MainBoard,0.025014000,1.000407000,100.000000000,1
5,6,1,Grasp and Release,8,MainBoard,0.025010000,1.025402000,100.000000000,1
5,6,1,Grasp and Release,9,MainBoard,0.025009000,1.025388000,100.000000000,1
5,6,1,Grasp and Release,10,MainBoard,0.025009000,1.050409000,100.000000000,1
5,6,2,Wrist Flexion/Extension,1,PC,0.025010000,0.925360000,100.000000000,1
5,6,2,Wrist Flexion/Extension,2,PC,0.025009000,0.997172000,100.000000000,1
5,6,2,Wrist Flexion/Extension,3,PC,0.025009000,0.925360000,100.000000000,1
5,6,2,Wrist Flexion/Extension,4,PC,0.025008000,0.928977000,100.000000000,1
5,6,2,Wrist Flexion/Extension,5,PC,0.025009000,1.000390000,100.000000000,1
5,6,2,Wrist Flexion/Extension,6,PC,0.025013000,1.000386000,100.000000000,1
5,6,2,Wrist Flexion/Extension,7,PC,0.025014000,0.999067000,100.000000000,1
5,6,2,Wrist Flexion/Extension,8,PC,0.025008000,0.953895000,100.000000000,1
5,6,2,Wrist Flexion/Extension,9,PC,0.025010000,0.975375000,100.000000000,1
5,6,2,Wrist Flexion/Extension,10,PC,0.025009000,0.997638000,100.000000000,1
5,6,2,Wrist Flexion/Extension,1,MainBoard,0.025010000,1.025399000,100.000000000,1
5,6,2,Wrist Flexion/Extension,2,MainBoard,0.046800000,1.047191000,100.000000000,1
5,6,2,Wrist Flexion/Extension,3,MainBoard,0.025009000,1.000389000,100.000000000,1
5,6,2,Wrist Flexion/Extension,4,MainBoard,0.025010000,1.004007000,100.000000000,1
5,6,2,Wrist Flexion/Extension,5,MainBoard,0.028822000,1.025400000,100.000000000,1
5,6,2,Wrist Flexion/Extension,6,MainBoard,0.025011000,1.050410000,100.000000000,1
5,6,2,Wrist Flexion/Extension,7,MainBoard,0.048696000,1.049095000,100.000000000,1
5,6,2,Wrist Flexion/Extension,8,MainBoard,0.025006000,1.003922000,100.000000000,1
5,6,2,Wrist Flexion/Extension,9,MainBoard,0.025011000,1.025396000,100.000000000,1
5,6,2,Wrist Flexion/Extension,10,MainBoard,0.045617000,1.047658000,100.000000000,1
5,6,3,Fourth and Fifth Fingers,1,PC,0.125043000,1.075440000,86.956521739,1
5,6,3,Fourth and Fifth Fingers,2,PC,0.128317000,1.125444000,86.956521739,0
5,6,3,Fourth and Fifth Fingers,3,PC,0.103503000,1.128907000,88.888888889,0
5,6,3,Fourth and Fifth Fingers,4,PC,0.125049000,1.100427000,86.956521739,1
5,6,3,Fourth and Fifth Fingers,5,PC,0.100041000,1.100430000,88.888888889,1
5,6,3,Fourth and Fifth Fingers,6,PC,0.075024000,1.150447000,88.888888889,0
5,6,3,Fourth and Fifth Fingers,7,PC,0.125048000,1.100407000,86.956521739,1
5,6,3,Fourth and Fifth Fingers,8,PC,0.126507000,1.123972000,86.956521739,1
5,6,3,Fourth and Fifth Fingers,9,PC,0.123483000,1.123869000,88.888888889,1
5,6,3,Fourth and Fifth Fingers,10,PC,0.123369000,1.103272000,86.956521739,1
5,6,3,Fourth and Fifth Fingers,1,MainBoard,0.175066000,1.150464000,86.956521739,0
5,6,3,Fourth and Fifth Fingers,2,MainBoard,0.171802000,1.197200000,88.888888889,0
5,6,3,Fourth and Fifth Fingers,3,MainBoard,0.175066000,1.178927000,88.888888889,0
5,6,3,Fourth and Fifth Fingers,4,MainBoard,0.200077000,1.175459000,85.106382979,0
5,6,3,Fourth and Fifth Fingers,5,MainBoard,0.175070000,1.175459000,86.956521739,0
5,6,3,Fourth and Fifth Fingers,6,MainBoard,0.150062000,1.229543000,88.888888889,0
5,6,3,Fourth and Fifth Fingers,7,MainBoard,0.150059000,1.153645000,88.888888889,0
5,6,3,Fourth and Fifth Fingers,8,MainBoard,0.173610000,1.173991000,88.888888889,0
5,6,3,Fourth and Fifth Fingers,9,MainBoard,0.198505000,1.198904000,86.956521739,0
5,6,3,Fourth and Fifth Fingers,10,MainBoard,0.173388000,1.153292000,88.888888889,0
5,6,4,Tripod Pinch,1,PC,0.025007000,0.975383000,88.888888889,1
5,6,4,Tripod Pinch,2,PC,0.025010000,0.901467000,86.956521739,1
5,6,4,Tripod Pinch,3,PC,0.025010000,0.953888000,97.560975610,1
5,6,4,Tripod Pinch,4,PC,0.048035000,0.925361000,100.000000000,1
5,6,4,Tripod Pinch,5,PC,0.025009000,0.925361000,100.000000000,1
5,6,4,Tripod Pinch,6,PC,0.025008000,0.950352000,95.238095238,1
5,6,4,Tripod Pinch,7,PC,0.025009000,0.925337000,95.238095238,1
5,6,4,Tripod Pinch,8,PC,0.025009000,0.950373000,90.909090909,1
5,6,4,Tripod Pinch,9,PC,0.025009000,0.971198000,100.000000000,1
5,6,4,Tripod Pinch,10,PC,0.048311000,0.950369000,100.000000000,1
5,6,4,Tripod Pinch,1,MainBoard,0.025011000,1.025402000,100.000000000,1
5,6,4,Tripod Pinch,2,MainBoard,0.025008000,1.003709000,90.909090909,1
5,6,4,Tripod Pinch,3,MainBoard,0.025008000,1.050409000,90.909090909,1
5,6,4,Tripod Pinch,4,MainBoard,0.025009000,1.000390000,93.023255814,1
5,6,4,Tripod Pinch,5,MainBoard,0.025010000,1.025400000,95.238095238,1
5,6,4,Tripod Pinch,6,MainBoard,0.025013000,1.050398000,88.888888889,1
5,6,4,Tripod Pinch,7,MainBoard,0.025007000,1.000367000,80.000000000,1
5,6,4,Tripod Pinch,8,MainBoard,0.025008000,1.050408000,88.888888889,1
5,6,4,Tripod Pinch,9,MainBoard,0.025009000,1.046227000,88.888888889,1
5,6,4,Tripod Pinch,10,MainBoard,0.050018000,1.025403000,90.909090909,1
6,75,1,Grasp and Release,1,PC,0.367748000,1.391142000,74.074074074,0
6,75,1,Grasp and Release,2,PC,0.025010000,1.002514000,100.000000000,1
6,75,1,Grasp and Release,3,PC,0.034804000,1.150431000,100.000000000,0
6,75,1,Grasp and Release,4,PC,0.025013000,0.998044000,100.000000000,1
6,75,1,Grasp and Release,5,PC,0.025009000,0.983137000,100.000000000,1
6,75,1,Grasp and Release,6,PC,0.025010000,1.000391000,100.000000000,1
6,75,1,Grasp and Release,7,PC,0.025011000,0.975377000,100.000000000,1
6,75,1,Grasp and Release,8,PC,0.024997000,0.975351000,100.000000000,1
6,75,1,Grasp and Release,9,PC,0.025010000,1.011386000,100.000000000,1
6,75,1,Grasp and Release,10,PC,0.025009000,0.995660000,100.000000000,1
6,75,1,Grasp and Release,1,MainBoard,0.425140000,1.441161000,71.428571429,0
6,75,1,Grasp and Release,2,MainBoard,0.025009000,1.052533000,100.000000000,1
6,75,1,Grasp and Release,3,MainBoard,0.034804000,1.150431000,100.000000000,0
6,75,1,Grasp and Release,4,MainBoard,0.025011000,1.073073000,100.000000000,1
6,75,1,Grasp and Release,5,MainBoard,0.025009000,1.072981000,100.000000000,1
6,75,1,Grasp and Release,6,MainBoard,0.025010000,1.050411000,100.000000000,1
6,75,1,Grasp and Release,7,MainBoard,0.025009000,1.030535000,100.000000000,1
6,75,1,Grasp and Release,8,MainBoard,0.024997000,1.050380000,100.000000000,1
6,75,1,Grasp and Release,9,MainBoard,0.025010000,1.061405000,100.000000000,1
6,75,1,Grasp and Release,10,MainBoard,0.025010000,1.050416000,100.000000000,1
6,75,2,Wrist Flexion/Extension,1,PC,0.025010000,0.927397000,97.560975610,1
6,75,2,Wrist Flexion/Extension,2,PC,0.025009000,1.102571000,100.000000000,1
6,75,2,Wrist Flexion/Extension,3,PC,0.025010000,1.040567000,100.000000000,1
6,75,2,Wrist Flexion/Extension,4,PC,0.025009000,0.985425000,100.000000000,1
6,75,2,Wrist Flexion/Extension,5,PC,0.025015000,0.975369000,100.000000000,1
6,75,2,Wrist Flexion/Extension,6,PC,0.025014000,0.972793000,100.000000000,1
6,75,2,Wrist Flexion/Extension,7,PC,0.024990000,0.992417000,100.000000000,1
6,75,2,Wrist Flexion/Extension,8,PC,0.025009000,0.975378000,100.000000000,1
6,75,2,Wrist Flexion/Extension,9,PC,0.025010000,1.003284000,100.000000000,1
6,75,2,Wrist Flexion/Extension,10,PC,0.025009000,0.997389000,100.000000000,1
6,75,2,Wrist Flexion/Extension,1,MainBoard,0.025010000,1.002428000,100.000000000,1
6,75,2,Wrist Flexion/Extension,2,MainBoard,0.025010000,1.102571000,97.560975610,1
6,75,2,Wrist Flexion/Extension,3,MainBoard,0.050019000,1.090585000,97.560975610,1
6,75,2,Wrist Flexion/Extension,4,MainBoard,0.025009000,1.050408000,100.000000000,1
6,75,2,Wrist Flexion/Extension,5,MainBoard,0.050019000,1.050411000,100.000000000,1
6,75,2,Wrist Flexion/Extension,6,MainBoard,0.025009000,1.022809000,100.000000000,1
6,75,2,Wrist Flexion/Extension,7,MainBoard,0.025011000,1.042435000,100.000000000,1
6,75,2,Wrist Flexion/Extension,8,MainBoard,0.032887000,1.050408000,100.000000000,1
6,75,2,Wrist Flexion/Extension,9,MainBoard,0.025010000,1.053304000,100.000000000,1
6,75,2,Wrist Flexion/Extension,10,MainBoard,0.025010000,1.047406000,100.000000000,1
6,75,3,Fourth and Fifth Fingers,1,PC,0.140580000,1.125444000,90.909090909,0
6,75,3,Fourth and Fifth Fingers,2,PC,0.175069000,1.085112000,86.956521739,1
6,75,3,Fourth and Fifth Fingers,3,PC,0.107652000,1.173179000,85.106382979,0
6,75,3,Fourth and Fifth Fingers,4,PC,0.132663000,1.125439000,86.956521739,0
6,75,3,Fourth and Fifth Fingers,5,PC,0.100039000,1.265205000,83.333333333,0
6,75,3,Fourth and Fifth Fingers,6,PC,0.139768000,1.122832000,86.956521739,1
6,75,3,Fourth and Fifth Fingers,7,PC,0.164777000,1.211157000,81.632653061,0
6,75,3,Fourth and Fifth Fingers,8,PC,0.189787000,1.189576000,83.333333333,0
6,75,3,Fourth and Fifth Fingers,9,PC,0.107925000,1.225478000,83.333333333,0
6,75,3,Fourth and Fifth Fingers,10,PC,0.125049000,1.175458000,83.333333333,0
6,75,3,Fourth and Fifth Fingers,1,MainBoard,0.215607000,1.200476000,86.956521739,0
6,75,3,Fourth and Fifth Fingers,2,MainBoard,0.175068000,1.160142000,86.956521739,0
6,75,3,Fourth and Fifth Fingers,3,MainBoard,0.157672000,1.223200000,86.956521739,0
6,75,3,Fourth and Fifth Fingers,4,MainBoard,0.182681000,1.210565000,86.956521739,0
6,75,3,Fourth and Fifth Fingers,5,MainBoard,0.175068000,1.340235000,83.333333333,0
6,75,3,Fourth and Fifth Fingers,6,MainBoard,0.214797000,1.172856000,88.888888889,0
6,75,3,Fourth and Fifth Fingers,7,MainBoard,0.239808000,1.275488000,81.632653061,0
6,75,3,Fourth and Fifth Fingers,8,MainBoard,0.157936000,1.239594000,83.333333333,0
6,75,3,Fourth and Fifth Fingers,9,MainBoard,0.200069000,1.275499000,83.333333333,0
6,75,3,Fourth and Fifth Fingers,10,MainBoard,0.227783000,1.225476000,85.106382979,0
6,75,4,Tripod Pinch,1,PC,0.025011000,0.950370000,81.632653061,1
6,75,4,Tripod Pinch,2,PC,0.150058000,0.925359000,88.888888889,1
6,75,4,Tripod Pinch,3,PC,0.040107000,0.985311000,80.000000000,1
6,75,4,Tripod Pinch,4,PC,0.025010000,0.996255000,88.888888889,1
6,75,4,Tripod Pinch,5,PC,0.025008000,0.940029000,81.632653061,1
6,75,4,Tripod Pinch,6,PC,0.025009000,0.989860000,80.000000000,1
6,75,4,Tripod Pinch,7,PC,0.027744000,0.983396000,88.888888889,1
6,75,4,Tripod Pinch,8,PC,0.025009000,0.972318000,80.000000000,1
6,75,4,Tripod Pinch,9,PC,0.038875000,1.000391000,78.431372549,1
6,75,4,Tripod Pinch,10,PC,0.025011000,0.975379000,88.888888889,1
6,75,4,Tripod Pinch,1,MainBoard,0.025008000,1.025400000,85.106382979,1
6,75,4,Tripod Pinch,2,MainBoard,0.025009000,1.035142000,83.333333333,1
6,75,4,Tripod Pinch,3,MainBoard,0.024993000,1.050393000,83.333333333,1
6,75,4,Tripod Pinch,4,MainBoard,0.025010000,1.056421000,86.956521739,1
6,75,4,Tripod Pinch,5,MainBoard,0.025004000,1.040065000,85.106382979,1
6,75,4,Tripod Pinch,6,MainBoard,0.025010000,1.050426000,85.106382979,1
6,75,4,Tripod Pinch,7,MainBoard,0.025009000,1.047676000,83.333333333,1
6,75,4,Tripod Pinch,8,MainBoard,0.025008000,1.055454000,78.431372549,1
6,75,4,Tripod Pinch,9,MainBoard,0.025011000,1.050411000,81.632653061,1
6,75,4,Tripod Pinch,10,MainBoard,0.025010000,1.050408000,85.106382979,1
