Protocol,Model,GestureID,Gesture,N_trials,ST_mean_s,ST_sd_s,CT_mean_s,CT_sd_s,RTA_mean_pct,RTA_sd_pct,CR_pct
Dynamic,DNN,1,Grasp and Release,10,0.024998,0.000002,1.069948,0.019719,98.292683,1.178161,100.000000
Dynamic,DNN,2,Wrist Flexion/Extension,10,0.027500,0.007906,1.042449,0.016874,100.000000,0.000000,100.000000
Dynamic,DNN,3,Fourth and Fifth Fingers,10,0.047496,0.007906,1.069952,0.015813,97.560976,0.000000,100.000000
Dynamic,DNN,4,Tripod Pinch,10,0.034999,0.021083,1.054946,0.025816,98.792102,1.697452,100.000000
Dynamic,NN,1,Grasp and Release,10,0.032495,0.012076,1.087451,0.021247,99.512195,1.028383,100.000000
Dynamic,NN,2,Wrist Flexion/Extension,10,0.025000,0.000003,1.074950,0.026350,100.000000,0.000000,100.000000
Dynamic,NN,3,Fourth and Fifth Fingers,10,0.029999,0.010540,1.079952,0.022972,99.756098,0.771287,100.000000
Dynamic,NN,4,Tripod Pinch,10,0.117491,0.023714,1.147441,0.024859,92.842042,1.893466,30.000000
Dynamic,QDA,1,Grasp and Release,10,0.032499,0.012076,1.039950,0.021084,100.000000,0.000000,100.000000
Dynamic,QDA,2,Wrist Flexion/Extension,10,0.024999,0.000005,1.024948,0.016665,100.000000,0.000000,100.000000
Dynamic,QDA,3,Fourth and Fifth Fingers,10,0.112501,0.013174,1.132454,0.023718,91.966173,1.114263,60.000000
Dynamic,QDA,4,Tripod Pinch,10,0.070000,0.015811,1.079946,0.019719,95.713475,1.446566,100.000000
Dynamic,SVM,1,Grasp and Release,10,0.052498,0.018446,1.114950,0.048875,96.676660,2.495572,80.000000
Dynamic,SVM,2,Wrist Flexion/Extension,10,0.094995,0.038729,1.194942,0.036890,92.641429,2.270266,10.000000
Dynamic,SVM,3,Fourth and Fifth Fingers,10,0.112496,0.021245,1.172450,0.024857,93.033323,1.020577,10.000000
Dynamic,SVM,4,Tripod Pinch,10,0.070000,0.032912,1.139939,0.026877,93.909192,1.143738,60.000000
Dynamic,kNN,1,Grasp and Release,10,0.029998,0.010540,1.054944,0.019725,100.000000,0.000000,100.000000
Dynamic,kNN,2,Wrist Flexion/Extension,10,0.025000,0.000005,1.039948,0.017478,100.000000,0.000000,100.000000
Dynamic,kNN,3,Fourth and Fifth Fingers,10,0.027500,0.007907,1.029957,0.015813,99.756098,0.771287,100.000000
Dynamic,kNN,4,Tripod Pinch,10,0.107499,0.012076,1.129947,0.019721,92.600423,0.891410,80.000000
Static,DNN,1,Grasp and Release,10,0.159992,0.021081,1.202506,0.024926,88.704436,1.115998,0.000000
Static,DNN,2,Wrist Flexion/Extension,10,0.024997,0.000005,1.037446,0.027000,100.000000,0.000000,100.000000
Static,DNN,3,Fourth and Fifth Fingers,10,0.024999,0.000006,1.027453,0.014193,100.000000,0.000000,100.000000
Static,DNN,4,Tripod Pinch,10,0.034998,0.017479,1.039950,0.026867,99.036005,1.675992,100.000000
Static,NN,1,Grasp and Release,10,0.232489,0.020580,1.249941,0.026350,83.532349,1.522268,0.000000
Static,NN,2,Wrist Flexion/Extension,10,0.024997,0.000003,1.024952,0.020412,100.000000,0.000000,100.000000
Static,NN,3,Fourth and Fifth Fingers,10,0.025001,0.000003,1.029955,0.015812,100.000000,0.000000,100.000000
Static,NN,4,Tripod Pinch,10,0.117495,0.012077,1.132447,0.020579,91.543340,1.021239,50.000000
Static,QDA,1,Grasp and Release,10,0.024998,0.000005,1.029955,0.010542,100.000000,0.000000,100.000000
Static,QDA,2,Wrist Flexion/Extension,10,0.024999,0.000004,1.034947,0.021081,100.000000,0.000000,100.000000
Static,QDA,3,Fourth and Fifth Fingers,10,0.062495,0.013178,1.089944,0.021078,96.864111,1.122058,100.000000
Static,QDA,4,Tripod Pinch,10,0.027499,0.007906,1.049950,0.016669,99.756098,0.771287,100.000000
Static,SVM,1,Grasp and Release,10,0.127493,0.038098,1.162447,0.065877,89.188454,3.181653,30.000000
Static,SVM,2,Wrist Flexion/Extension,10,0.024997,0.000002,1.027451,0.018445,99.756098,0.771287,100.000000
Static,SVM,3,Fourth and Fifth Fingers,10,0.114995,0.017479,1.114951,0.024150,91.764153,1.457485,80.000000
Static,SVM,4,Tripod Pinch,10,0.137492,0.013176,1.147444,0.014192,89.898990,1.064740,20.000000
Static,kNN,1,Grasp and Release,10,0.147494,0.018443,1.144952,0.028378,89.503733,1.344891,50.000000
Static,kNN,2,Wrist Flexion/Extension,10,0.024998,0.000005,1.032453,0.020582,100.000000,0.000000,100.000000
Static,kNN,3,Fourth and Fifth Fingers,10,0.024997,0.000004,1.014957,0.017478,100.000000,0.000000,100.000000
Static,kNN,4,Tripod Pinch,10,0.129996,0.015811,1.132388,0.023592,91.120507,0.668558,60.000000
