ConditionID,BaselineShift_mm,GestureID,Gesture,N_trials,ST_mean_s,ST_sd_s,CT_mean_s,CT_sd_s,RTA_mean_pct,RTA_sd_pct,CR_pct
1,0.000000,1,Grasp and Release,10,0.040706,0.051720,1.402841,0.108514,70.270188,4.957112,0.000000
1,0.000000,2,Wrist Flexion/Extension,10,0.490272,0.198441,1.616423,0.150452,61.542323,4.898572,0.000000
1,0.000000,3,Fourth and Fifth Fingers,10,0.026330,0.004173,0.992974,0.022677,97.028986,6.321400,100.000000
1,0.000000,4,Tripod Pinch,10,0.042371,0.023336,1.012531,0.028773,93.982487,8.333448,100.000000
2,1.500000,1,Grasp and Release,10,0.042515,0.047226,1.018892,0.071641,98.451750,4.111101,90.000000
2,1.500000,2,Wrist Flexion/Extension,10,0.030011,0.015817,0.976963,0.022285,99.523810,1.505847,100.000000
2,1.500000,3,Fourth and Fifth Fingers,10,0.036873,0.017292,1.019144,0.034485,98.559814,2.014056,100.000000
2,1.500000,4,Tripod Pinch,10,0.035013,0.017486,0.985618,0.021917,99.036005,1.675992,100.000000
3,2.500000,1,Grasp and Release,10,0.039484,0.045772,1.021043,0.066467,98.695652,4.124710,90.000000
3,2.500000,2,Wrist Flexion/Extension,10,0.073136,0.143615,1.195612,0.171537,85.364939,10.276324,30.000000
3,2.500000,3,Fourth and Fifth Fingers,10,0.025008,0.000007,1.020829,0.056422,100.000000,0.000000,90.000000
3,2.500000,4,Tripod Pinch,10,0.032511,0.012081,1.007227,0.036696,99.268293,1.178161,100.000000
4,5.000000,1,Grasp and Release,10,0.058436,0.043173,1.057947,0.054531,96.313889,4.029491,90.000000
4,5.000000,2,Wrist Flexion/Extension,10,0.025010,0.000001,1.049181,0.078085,97.465591,5.979614,90.000000
4,5.000000,3,Fourth and Fifth Fingers,10,0.040016,0.024162,1.026430,0.035021,98.570618,2.262991,100.000000
4,5.000000,4,Tripod Pinch,10,0.030012,0.015817,1.029251,0.033434,99.523810,1.505847,100.000000
5,6.000000,1,Grasp and Release,10,0.045041,0.040372,1.051169,0.060186,97.266270,4.241607,90.000000
5,6.000000,2,Wrist Flexion/Extension,10,0.029493,0.014178,1.006412,0.037521,99.090909,2.874798,100.000000
5,6.000000,3,Fourth and Fifth Fingers,10,0.029790,0.008096,1.044892,0.043794,96.666667,2.300219,90.000000
5,6.000000,4,Tripod Pinch,10,0.025010,0.000001,0.990827,0.023598,100.000000,0.000000,100.000000
6,7.500000,1,Grasp and Release,10,0.088103,0.080144,1.077210,0.087410,91.197877,5.476609,70.000000
6,7.500000,2,Wrist Flexion/Extension,10,0.056992,0.064340,1.083183,0.100854,95.025790,6.810606,70.000000
6,7.500000,3,Fourth and Fifth Fingers,10,0.145720,0.091419,1.117591,0.087003,89.118286,7.675125,60.000000
6,7.500000,4,Tripod Pinch,10,0.067620,0.055079,1.023383,0.086982,93.698628,4.980733,90.000000
