ConditionID,BaselineShift_mm,SourceVariable,GestureID,Gesture,Trial,ST_s,CT_s,RTA_pct,Completion
1,0.000000000,TestResults_conv_0,1,Grasp and Release,1,0.186442000,1.687042000,60.606060606,0
1,0.000000000,TestResults_conv_0,1,Grasp and Release,2,0.025008000,1.363929000,72.727272727,0
1,0.000000000,TestResults_conv_0,1,Grasp and Release,3,0.025010000,1.350531000,72.727272727,0
1,0.000000000,TestResults_conv_0,1,Grasp and Release,4,0.025011000,1.425562000,72.727272727,0
1,0.000000000,TestResults_conv_0,1,Grasp and Release,5,0.007476000,1.425571000,62.500000000,0
1,0.000000000,TestResults_conv_0,1,Grasp and Release,6,0.025010000,1.288079000,75.471698113,0
1,0.000000000,TestResults_conv_0,1,Grasp and Release,7,0.025010000,1.337711000,68.965517241,0
1,0.000000000,TestResults_conv_0,1,Grasp and Release,8,0.038077000,1.412494000,70.175438596,0
1,0.000000000,TestResults_conv_0,1,Grasp and Release,9,0.025009000,1.375552000,74.074074074,0
1,0.000000000,TestResults_conv_0,1,Grasp and Release,10,0.025009000,1.361936000,72.727272727,0
1,0.000000000,TestResults_conv_0,2,Wrist Flexion/Extension,1,0.150054000,1.411993000,64.516129032,0
1,0.000000000,TestResults_conv_0,2,Wrist Flexion/Extension,2,0.486872000,1.500590000,65.573770492,0
1,0.000000000,TestResults_conv_0,2,Wrist Flexion/Extension,3,0.600236000,1.612564000,61.538461538,0
1,0.000000000,TestResults_conv_0,2,Wrist Flexion/Extension,4,0.637414000,1.975777000,51.282051282,0
1,0.000000000,TestResults_conv_0,2,Wrist Flexion/Extension,5,0.125053000,1.548471000,64.516129032,0
1,0.000000000,TestResults_conv_0,2,Wrist Flexion/Extension,6,0.564624000,1.600641000,62.500000000,0
1,0.000000000,TestResults_conv_0,2,Wrist Flexion/Extension,7,0.639319000,1.675669000,60.606060606,0
1,0.000000000,TestResults_conv_0,2,Wrist Flexion/Extension,8,0.598367000,1.611905000,61.538461538,0
1,0.000000000,TestResults_conv_0,2,Wrist Flexion/Extension,9,0.661891000,1.687295000,55.555555556,0
1,0.000000000,TestResults_conv_0,2,Wrist Flexion/Extension,10,0.438886000,1.539327000,67.796610169,0
1,0.000000000,TestResults_conv_0,3,Fourth and Fifth Fingers,1,0.025010000,0.963886000,100.000000000,1
1,0.000000000,TestResults_conv_0,3,Fourth and Fifth Fingers,2,0.025011000,0.988650000,100.000000000,1
1,0.000000000,TestResults_conv_0,3,Fourth and Fifth Fingers,3,0.025011000,0.987378000,100.000000000,1
1,0.000000000,TestResults_conv_0,3,Fourth and Fifth Fingers,4,0.025010000,1.000394000,86.956521739,1
1,0.000000000,TestResults_conv_0,3,Fourth and Fifth Fingers,5,0.025011000,0.987931000,100.000000000,1
1,0.000000000,TestResults_conv_0,3,Fourth and Fifth Fingers,6,0.025010000,0.988109000,100.000000000,1
1,0.000000000,TestResults_conv_0,3,Fourth and Fifth Fingers,7,0.025009000,1.025404000,83.333333333,1
1,0.000000000,TestResults_conv_0,3,Fourth and Fifth Fingers,8,0.038206000,1.037218000,100.000000000,1
1,0.000000000,TestResults_conv_0,3,Fourth and Fifth Fingers,9,0.025010000,0.975383000,100.000000000,1
1,0.000000000,TestResults_conv_0,3,Fourth and Fifth Fingers,10,0.025010000,0.975392000,100.000000000,1
1,0.000000000,TestResults_conv_0,4,Tripod Pinch,1,0.050018000,1.025405000,97.560975610,1
1,0.000000000,TestResults_conv_0,4,Tripod Pinch,2,0.098586000,0.987189000,95.238095238,1
1,0.000000000,TestResults_conv_0,4,Tripod Pinch,3,0.025009000,1.038372000,76.923076923,1
1,0.000000000,TestResults_conv_0,4,Tripod Pinch,4,0.025010000,1.060518000,100.000000000,1
1,0.000000000,TestResults_conv_0,4,Tripod Pinch,5,0.050019000,1.048317000,81.632653061,1
1,0.000000000,TestResults_conv_0,4,Tripod Pinch,6,0.050023000,1.000938000,97.560975610,1
1,0.000000000,TestResults_conv_0,4,Tripod Pinch,7,0.050019000,0.988394000,90.909090909,1
1,0.000000000,TestResults_conv_0,4,Tripod Pinch,8,0.025009000,1.000400000,100.000000000,1
1,0.000000000,TestResults_conv_0,4,Tripod Pinch,9,0.025009000,1.000395000,100.000000000,1
1,0.000000000,TestResults_conv_0,4,Tripod Pinch,10,0.025009000,0.975380000,100.000000000,1
2,1.500000000,TestResults_conv_15,1,Grasp and Release,1,0.175048000,1.200436000,86.956521739,0
2,1.500000000,TestResults_conv_15,1,Grasp and Release,2,0.025010000,0.940781000,100.000000000,1
2,1.500000000,TestResults_conv_15,1,Grasp and Release,3,0.025009000,1.025404000,100.000000000,1
2,1.500000000,TestResults_conv_15,1,Grasp and Release,4,0.050020000,0.975384000,97.560975610,1
2,1.500000000,TestResults_conv_15,1,Grasp and Release,5,0.025010000,1.025405000,100.000000000,1
2,1.500000000,TestResults_conv_15,1,Grasp and Release,6,0.025010000,0.975381000,100.000000000,1
2,1.500000000,TestResults_conv_15,1,Grasp and Release,7,0.025011000,0.975379000,100.000000000,1
2,1.500000000,TestResults_conv_15,1,Grasp and Release,8,0.025010000,1.048139000,100.000000000,1
2,1.500000000,TestResults_conv_15,1,Grasp and Release,9,0.025010000,1.025397000,100.000000000,1
2,1.500000000,TestResults_conv_15,1,Grasp and Release,10,0.025009000,0.997211000,100.000000000,1
2,1.500000000,TestResults_conv_15,2,Wrist Flexion/Extension,1,0.025010000,1.000388000,100.000000000,1
2,1.500000000,TestResults_conv_15,2,Wrist Flexion/Extension,2,0.025010000,0.950375000,100.000000000,1
2,1.500000000,TestResults_conv_15,2,Wrist Flexion/Extension,3,0.025010000,0.950370000,100.000000000,1
2,1.500000000,TestResults_conv_15,2,Wrist Flexion/Extension,4,0.025009000,0.975382000,100.000000000,1
2,1.500000000,TestResults_conv_15,2,Wrist Flexion/Extension,5,0.075028000,1.016099000,95.238095238,1
2,1.500000000,TestResults_conv_15,2,Wrist Flexion/Extension,6,0.024999000,0.991067000,100.000000000,1
2,1.500000000,TestResults_conv_15,2,Wrist Flexion/Extension,7,0.025009000,0.984822000,100.000000000,1
2,1.500000000,TestResults_conv_15,2,Wrist Flexion/Extension,8,0.025011000,0.950372000,100.000000000,1
2,1.500000000,TestResults_conv_15,2,Wrist Flexion/Extension,9,0.025011000,0.975377000,100.000000000,1
2,1.500000000,TestResults_conv_15,2,Wrist Flexion/Extension,10,0.025010000,0.975377000,100.000000000,1
2,1.500000000,TestResults_conv_15,3,Fourth and Fifth Fingers,1,0.050021000,1.000393000,97.560975610,1
2,1.500000000,TestResults_conv_15,3,Fourth and Fifth Fingers,2,0.025011000,0.975386000,100.000000000,1
2,1.500000000,TestResults_conv_15,3,Fourth and Fifth Fingers,3,0.025010000,1.009848000,100.000000000,1
2,1.500000000,TestResults_conv_15,3,Fourth and Fifth Fingers,4,0.025009000,1.009758000,100.000000000,1
2,1.500000000,TestResults_conv_15,3,Fourth and Fifth Fingers,5,0.025010000,1.025400000,100.000000000,1
2,1.500000000,TestResults_conv_15,3,Fourth and Fifth Fingers,6,0.025010000,1.075415000,100.000000000,1
2,1.500000000,TestResults_conv_15,3,Fourth and Fifth Fingers,7,0.075028000,1.025397000,95.238095238,1
2,1.500000000,TestResults_conv_15,3,Fourth and Fifth Fingers,8,0.050019000,1.025402000,97.560975610,1
2,1.500000000,TestResults_conv_15,3,Fourth and Fifth Fingers,9,0.025010000,0.972422000,100.000000000,1
2,1.500000000,TestResults_conv_15,3,Fourth and Fifth Fingers,10,0.043603000,1.072014000,95.238095238,1
2,1.500000000,TestResults_conv_15,4,Tripod Pinch,1,0.050020000,0.985001000,97.560975610,1
2,1.500000000,TestResults_conv_15,4,Tripod Pinch,2,0.025011000,0.965863000,100.000000000,1
2,1.500000000,TestResults_conv_15,4,Tripod Pinch,3,0.075028000,1.009826000,95.238095238,1
2,1.500000000,TestResults_conv_15,4,Tripod Pinch,4,0.050013000,1.000386000,97.560975610,1
2,1.500000000,TestResults_conv_15,4,Tripod Pinch,5,0.025009000,0.975381000,100.000000000,1
2,1.500000000,TestResults_conv_15,4,Tripod Pinch,6,0.025010000,0.991009000,100.000000000,1
2,1.500000000,TestResults_conv_15,4,Tripod Pinch,7,0.025009000,0.977566000,100.000000000,1
2,1.500000000,TestResults_conv_15,4,Tripod Pinch,8,0.025009000,1.025397000,100.000000000,1
2,1.500000000,TestResults_conv_15,4,Tripod Pinch,9,0.025011000,0.975381000,100.000000000,1
2,1.500000000,TestResults_conv_15,4,Tripod Pinch,10,0.025009000,0.950369000,100.000000000,1
3,2.500000000,TestResults_conv_25,1,Grasp and Release,1,0.169752000,1.195161000,86.956521739,0
3,2.500000000,TestResults_conv_25,1,Grasp and Release,2,0.025011000,1.050420000,100.000000000,1
3,2.500000000,TestResults_conv_25,1,Grasp and Release,3,0.025010000,0.981664000,100.000000000,1
3,2.500000000,TestResults_conv_25,1,Grasp and Release,4,0.025011000,1.036877000,100.000000000,1
3,2.500000000,TestResults_conv_25,1,Grasp and Release,5,0.025009000,0.984584000,100.000000000,1
3,2.500000000,TestResults_conv_25,1,Grasp and Release,6,0.025009000,0.996303000,100.000000000,1
3,2.500000000,TestResults_conv_25,1,Grasp and Release,7,0.025010000,1.000388000,100.000000000,1
3,2.500000000,TestResults_conv_25,1,Grasp and Release,8,0.025008000,0.960655000,100.000000000,1
3,2.500000000,TestResults_conv_25,1,Grasp and Release,9,0.025010000,0.997021000,100.000000000,1
3,2.500000000,TestResults_conv_25,1,Grasp and Release,10,0.025010000,1.007362000,100.000000000,1
3,2.500000000,TestResults_conv_25,2,Wrist Flexion/Extension,1,0.481260000,1.564754000,66.666666667,0
3,2.500000000,TestResults_conv_25,2,Wrist Flexion/Extension,2,0.025011000,1.025410000,95.238095238,1
3,2.500000000,TestResults_conv_25,2,Wrist Flexion/Extension,3,0.025008000,1.231791000,81.632653061,0
3,2.500000000,TestResults_conv_25,2,Wrist Flexion/Extension,4,0.025011000,1.344098000,76.923076923,0
3,2.500000000,TestResults_conv_25,2,Wrist Flexion/Extension,5,0.025011000,1.166083000,85.106382979,0
3,2.500000000,TestResults_conv_25,2,Wrist Flexion/Extension,6,0.025011000,0.975380000,100.000000000,1
3,2.500000000,TestResults_conv_25,2,Wrist Flexion/Extension,7,0.025009000,1.125451000,88.888888889,0
3,2.500000000,TestResults_conv_25,2,Wrist Flexion/Extension,8,0.050022000,1.240124000,80.000000000,0
3,2.500000000,TestResults_conv_25,2,Wrist Flexion/Extension,9,0.025010000,1.225492000,81.632653061,0
3,2.500000000,TestResults_conv_25,2,Wrist Flexion/Extension,10,0.025010000,1.057542000,97.560975610,1
3,2.500000000,TestResults_conv_25,3,Fourth and Fifth Fingers,1,0.025010000,1.036543000,100.000000000,1
3,2.500000000,TestResults_conv_25,3,Fourth and Fifth Fingers,2,0.025011000,1.012002000,100.000000000,1
3,2.500000000,TestResults_conv_25,3,Fourth and Fifth Fingers,3,0.025011000,0.995213000,100.000000000,1
3,2.500000000,TestResults_conv_25,3,Fourth and Fifth Fingers,4,0.025009000,1.134574000,100.000000000,0
3,2.500000000,TestResults_conv_25,3,Fourth and Fifth Fingers,5,0.025011000,1.040957000,100.000000000,1
3,2.500000000,TestResults_conv_25,3,Fourth and Fifth Fingers,6,0.024988000,0.933889000,100.000000000,1
3,2.500000000,TestResults_conv_25,3,Fourth and Fifth Fingers,7,0.025010000,1.079161000,100.000000000,1
3,2.500000000,TestResults_conv_25,3,Fourth and Fifth Fingers,8,0.025010000,1.007318000,100.000000000,1
3,2.500000000,TestResults_conv_25,3,Fourth and Fifth Fingers,9,0.025010000,1.000395000,100.000000000,1
3,2.500000000,TestResults_conv_25,3,Fourth and Fifth Fingers,10,0.025011000,0.968239000,100.000000000,1
3,2.500000000,TestResults_conv_25,4,Tripod Pinch,1,0.025009000,1.008622000,100.000000000,1
3,2.500000000,TestResults_conv_25,4,Tripod Pinch,2,0.025009000,0.945509000,100.000000000,1
3,2.500000000,TestResults_conv_25,4,Tripod Pinch,3,0.025009000,0.995261000,100.000000000,1
3,2.500000000,TestResults_conv_25,4,Tripod Pinch,4,0.050013000,1.055329000,97.560975610,1
3,2.500000000,TestResults_conv_25,4,Tripod Pinch,5,0.025010000,1.025403000,100.000000000,1
3,2.500000000,TestResults_conv_25,4,Tripod Pinch,6,0.050020000,1.025412000,97.560975610,1
3,2.500000000,TestResults_conv_25,4,Tripod Pinch,7,0.050021000,1.058386000,97.560975610,1
3,2.500000000,TestResults_conv_25,4,Tripod Pinch,8,0.025000000,0.968418000,100.000000000,1
3,2.500000000,TestResults_conv_25,4,Tripod Pinch,9,0.025010000,0.975390000,100.000000000,1
3,2.500000000,TestResults_conv_25,4,Tripod Pinch,10,0.025010000,1.014543000,100.000000000,1
4,5.000000000,TestResults_conv_5,1,Grasp and Release,1,0.169400000,1.172222000,86.956521739,0
4,5.000000000,TestResults_conv_5,1,Grasp and Release,2,0.050019000,1.112686000,97.560975610,1
4,5.000000000,TestResults_conv_5,1,Grasp and Release,3,0.025008000,1.020647000,100.000000000,1
4,5.000000000,TestResults_conv_5,1,Grasp and Release,4,0.075031000,1.029715000,95.238095238,1
4,5.000000000,TestResults_conv_5,1,Grasp and Release,5,0.025011000,1.021537000,100.000000000,1
4,5.000000000,TestResults_conv_5,1,Grasp and Release,6,0.039810000,1.075422000,93.023255814,1
4,5.000000000,TestResults_conv_5,1,Grasp and Release,7,0.050021000,1.050420000,97.560975610,1
4,5.000000000,TestResults_conv_5,1,Grasp and Release,8,0.025009000,0.975389000,100.000000000,1
4,5.000000000,TestResults_conv_5,1,Grasp and Release,9,0.050021000,1.060879000,97.560975610,1
4,5.000000000,TestResults_conv_5,1,Grasp and Release,10,0.075031000,1.060551000,95.238095238,1
4,5.000000000,TestResults_conv_5,2,Wrist Flexion/Extension,1,0.025010000,1.025412000,100.000000000,1
4,5.000000000,TestResults_conv_5,2,Wrist Flexion/Extension,2,0.025012000,1.025406000,100.000000000,1
4,5.000000000,TestResults_conv_5,2,Wrist Flexion/Extension,3,0.025010000,1.013061000,100.000000000,1
4,5.000000000,TestResults_conv_5,2,Wrist Flexion/Extension,4,0.025012000,1.263491000,81.632653061,0
4,5.000000000,TestResults_conv_5,2,Wrist Flexion/Extension,5,0.025011000,1.000392000,100.000000000,1
4,5.000000000,TestResults_conv_5,2,Wrist Flexion/Extension,6,0.025009000,1.000838000,100.000000000,1
4,5.000000000,TestResults_conv_5,2,Wrist Flexion/Extension,7,0.025010000,1.039379000,100.000000000,1
4,5.000000000,TestResults_conv_5,2,Wrist Flexion/Extension,8,0.025010000,1.073008000,93.023255814,1
4,5.000000000,TestResults_conv_5,2,Wrist Flexion/Extension,9,0.025009000,1.025411000,100.000000000,1
4,5.000000000,TestResults_conv_5,2,Wrist Flexion/Extension,10,0.025011000,1.025412000,100.000000000,1
4,5.000000000,TestResults_conv_5,3,Fourth and Fifth Fingers,1,0.050020000,1.050417000,97.560975610,1
4,5.000000000,TestResults_conv_5,3,Fourth and Fifth Fingers,2,0.025009000,1.038003000,100.000000000,1
4,5.000000000,TestResults_conv_5,3,Fourth and Fifth Fingers,3,0.025009000,0.970854000,100.000000000,1
4,5.000000000,TestResults_conv_5,3,Fourth and Fifth Fingers,4,0.100039000,1.013469000,93.023255814,1
4,5.000000000,TestResults_conv_5,3,Fourth and Fifth Fingers,5,0.025010000,1.025471000,100.000000000,1
4,5.000000000,TestResults_conv_5,3,Fourth and Fifth Fingers,6,0.025009000,1.014121000,100.000000000,1
4,5.000000000,TestResults_conv_5,3,Fourth and Fifth Fingers,7,0.050021000,1.036362000,97.560975610,1
4,5.000000000,TestResults_conv_5,3,Fourth and Fifth Fingers,8,0.025011000,0.989769000,100.000000000,1
4,5.000000000,TestResults_conv_5,3,Fourth and Fifth Fingers,9,0.050020000,1.100431000,97.560975610,1
4,5.000000000,TestResults_conv_5,3,Fourth and Fifth Fingers,10,0.025010000,1.025403000,100.000000000,1
4,5.000000000,TestResults_conv_5,4,Tripod Pinch,1,0.025010000,1.013238000,100.000000000,1
4,5.000000000,TestResults_conv_5,4,Tripod Pinch,2,0.025011000,1.017757000,100.000000000,1
4,5.000000000,TestResults_conv_5,4,Tripod Pinch,3,0.025010000,1.071003000,100.000000000,1
4,5.000000000,TestResults_conv_5,4,Tripod Pinch,4,0.025011000,1.037262000,100.000000000,1
4,5.000000000,TestResults_conv_5,4,Tripod Pinch,5,0.025011000,0.975390000,100.000000000,1
4,5.000000000,TestResults_conv_5,4,Tripod Pinch,6,0.025008000,1.051480000,100.000000000,1
4,5.000000000,TestResults_conv_5,4,Tripod Pinch,7,0.025010000,1.050483000,100.000000000,1
4,5.000000000,TestResults_conv_5,4,Tripod Pinch,8,0.075029000,1.075430000,95.238095238,1
4,5.000000000,TestResults_conv_5,4,Tripod Pinch,9,0.025010000,0.990179000,100.000000000,1
4,5.000000000,TestResults_conv_5,4,Tripod Pinch,10,0.025010000,1.010285000,100.000000000,1
5,6.000000000,TestResults_conv_6,1,Grasp and Release,1,0.154127000,1.200467000,86.956521739,0
5,6.000000000,TestResults_conv_6,1,Grasp and Release,2,0.025011000,1.015257000,100.000000000,1
5,6.000000000,TestResults_conv_6,1,Grasp and Release,3,0.025011000,1.040104000,100.000000000,1
5,6.000000000,TestResults_conv_6,1,Grasp and Release,4,0.050019000,1.025397000,97.560975610,1
5,6.000000000,TestResults_conv_6,1,Grasp and Release,5,0.035476000,1.075417000,93.023255814,1
5,6.000000000,TestResults_conv_6,1,Grasp and Release,6,0.025010000,1.025397000,100.000000000,1
5,6.000000000,TestResults_conv_6,1,Grasp and Release,7,0.060721000,1.042248000,100.000000000,1
5,6.000000000,TestResults_conv_6,1,Grasp and Release,8,0.025012000,0.997642000,100.000000000,1
5,6.000000000,TestResults_conv_6,1,Grasp and Release,9,0.025010000,1.000387000,97.560975610,1
5,6.000000000,TestResults_conv_6,1,Grasp and Release,10,0.025009000,1.089372000,97.560975610,1
5,6.000000000,TestResults_conv_6,2,Wrist Flexion/Extension,1,0.025010000,0.975381000,100.000000000,1
5,6.000000000,TestResults_conv_6,2,Wrist Flexion/Extension,2,0.025010000,0.990245000,100.000000000,1
5,6.000000000,TestResults_conv_6,2,Wrist Flexion/Extension,3,0.069843000,1.090166000,90.909090909,1
5,6.000000000,TestResults_conv_6,2,Wrist Flexion/Extension,4,0.025009000,0.975378000,100.000000000,1
5,6.000000000,TestResults_conv_6,2,Wrist Flexion/Extension,5,0.025010000,1.002569000,100.000000000,1
5,6.000000000,TestResults_conv_6,2,Wrist Flexion/Extension,6,0.025012000,0.975377000,100.000000000,1
5,6.000000000,TestResults_conv_6,2,Wrist Flexion/Extension,7,0.025008000,1.014666000,100.000000000,1
5,6.000000000,TestResults_conv_6,2,Wrist Flexion/Extension,8,0.025010000,1.039557000,100.000000000,1
5,6.000000000,TestResults_conv_6,2,Wrist Flexion/Extension,9,0.025009000,0.975380000,100.000000000,1
5,6.000000000,TestResults_conv_6,2,Wrist Flexion/Extension,10,0.025009000,1.025397000,100.000000000,1
5,6.000000000,TestResults_conv_6,3,Fourth and Fifth Fingers,1,0.025011000,1.029703000,100.000000000,1
5,6.000000000,TestResults_conv_6,3,Fourth and Fifth Fingers,2,0.025010000,1.050408000,95.238095238,1
5,6.000000000,TestResults_conv_6,3,Fourth and Fifth Fingers,3,0.035298000,1.020305000,95.238095238,1
5,6.000000000,TestResults_conv_6,3,Fourth and Fifth Fingers,4,0.041633000,1.140038000,95.238095238,0
5,6.000000000,TestResults_conv_6,3,Fourth and Fifth Fingers,5,0.025014000,1.025393000,95.238095238,1
5,6.000000000,TestResults_conv_6,3,Fourth and Fifth Fingers,6,0.045895000,1.064775000,95.238095238,1
5,6.000000000,TestResults_conv_6,3,Fourth and Fifth Fingers,7,0.025009000,0.975379000,100.000000000,1
5,6.000000000,TestResults_conv_6,3,Fourth and Fifth Fingers,8,0.025011000,1.075420000,95.238095238,1
5,6.000000000,TestResults_conv_6,3,Fourth and Fifth Fingers,9,0.025008000,1.050407000,95.238095238,1
5,6.000000000,TestResults_conv_6,3,Fourth and Fifth Fingers,10,0.025013000,1.017091000,100.000000000,1
5,6.000000000,TestResults_conv_6,4,Tripod Pinch,1,0.025011000,0.969709000,100.000000000,1
5,6.000000000,TestResults_conv_6,4,Tripod Pinch,2,0.025009000,0.960579000,100.000000000,1
5,6.000000000,TestResults_conv_6,4,Tripod Pinch,3,0.025012000,1.025400000,100.000000000,1
5,6.000000000,TestResults_conv_6,4,Tripod Pinch,4,0.025011000,1.014961000,100.000000000,1
5,6.000000000,TestResults_conv_6,4,Tripod Pinch,5,0.025010000,0.996491000,100.000000000,1
5,6.000000000,TestResults_conv_6,4,Tripod Pinch,6,0.025011000,1.025400000,100.000000000,1
5,6.000000000,TestResults_conv_6,4,Tripod Pinch,7,0.025010000,0.975384000,100.000000000,1
5,6.000000000,TestResults_conv_6,4,Tripod Pinch,8,0.025010000,0.986302000,100.000000000,1
5,6.000000000,TestResults_conv_6,4,Tripod Pinch,9,0.025011000,0.975338000,100.000000000,1
5,6.000000000,TestResults_conv_6,4,Tripod Pinch,10,0.025008000,0.978702000,100.000000000,1
6,7.500000000,TestResults_conv_75,1,Grasp and Release,1,0.200067000,1.200457000,85.106382979,0
6,7.500000000,TestResults_conv_75,1,Grasp and Release,2,0.100039000,1.125443000,90.909090909,0
6,7.500000000,TestResults_conv_75,1,Grasp and Release,3,0.025010000,1.025405000,100.000000000,1
6,7.500000000,TestResults_conv_75,1,Grasp and Release,4,0.025010000,1.029849000,93.023255814,1
6,7.500000000,TestResults_conv_75,1,Grasp and Release,5,0.025010000,1.000395000,100.000000000,1
6,7.500000000,TestResults_conv_75,1,Grasp and Release,6,0.025010000,0.966738000,90.909090909,1
6,7.500000000,TestResults_conv_75,1,Grasp and Release,7,0.058905000,1.100434000,90.909090909,1
6,7.500000000,TestResults_conv_75,1,Grasp and Release,8,0.200077000,1.075424000,85.106382979,1
6,7.500000000,TestResults_conv_75,1,Grasp and Release,9,0.025008000,1.016040000,90.909090909,1
6,7.500000000,TestResults_conv_75,1,Grasp and Release,10,0.196889000,1.231912000,85.106382979,0
6,7.500000000,TestResults_conv_75,2,Wrist Flexion/Extension,1,0.025010000,0.971408000,100.000000000,1
6,7.500000000,TestResults_conv_75,2,Wrist Flexion/Extension,2,0.025009000,1.000392000,100.000000000,1
6,7.500000000,TestResults_conv_75,2,Wrist Flexion/Extension,3,0.025011000,1.042360000,100.000000000,1
6,7.500000000,TestResults_conv_75,2,Wrist Flexion/Extension,4,0.025011000,1.025404000,100.000000000,1
6,7.500000000,TestResults_conv_75,2,Wrist Flexion/Extension,5,0.046404000,0.978997000,100.000000000,1
6,7.500000000,TestResults_conv_75,2,Wrist Flexion/Extension,6,0.025011000,1.078947000,90.909090909,1
6,7.500000000,TestResults_conv_75,2,Wrist Flexion/Extension,7,0.025011000,1.100431000,100.000000000,1
6,7.500000000,TestResults_conv_75,2,Wrist Flexion/Extension,8,0.214051000,1.261122000,83.333333333,0
6,7.500000000,TestResults_conv_75,2,Wrist Flexion/Extension,9,0.131222000,1.225479000,85.106382979,0
6,7.500000000,TestResults_conv_75,2,Wrist Flexion/Extension,10,0.028175000,1.147288000,90.909090909,0
6,7.500000000,TestResults_conv_75,3,Fourth and Fifth Fingers,1,0.075028000,1.125443000,95.238095238,0
6,7.500000000,TestResults_conv_75,3,Fourth and Fifth Fingers,2,0.075032000,1.046549000,95.238095238,1
6,7.500000000,TestResults_conv_75,3,Fourth and Fifth Fingers,3,0.075029000,1.042362000,95.238095238,1
6,7.500000000,TestResults_conv_75,3,Fourth and Fifth Fingers,4,0.100039000,1.075425000,93.023255814,1
6,7.500000000,TestResults_conv_75,3,Fourth and Fifth Fingers,5,0.075079000,1.100380000,95.238095238,1
6,7.500000000,TestResults_conv_75,3,Fourth and Fifth Fingers,6,0.228591000,1.146959000,80.000000000,0
6,7.500000000,TestResults_conv_75,3,Fourth and Fifth Fingers,7,0.075027000,1.050414000,95.238095238,1
6,7.500000000,TestResults_conv_75,3,Fourth and Fifth Fingers,8,0.178391000,1.122121000,85.106382979,1
6,7.500000000,TestResults_conv_75,3,Fourth and Fifth Fingers,9,0.284595000,1.125450000,78.431372549,0
6,7.500000000,TestResults_conv_75,3,Fourth and Fifth Fingers,10,0.290393000,1.340807000,78.431372549,0
6,7.500000000,TestResults_conv_75,4,Tripod Pinch,1,0.094982000,1.055463000,95.238095238,1
6,7.500000000,TestResults_conv_75,4,Tripod Pinch,2,0.075031000,1.100432000,90.909090909,1
6,7.500000000,TestResults_conv_75,4,Tripod Pinch,3,0.075029000,1.133557000,95.238095238,0
6,7.500000000,TestResults_conv_75,4,Tripod Pinch,4,0.075030000,1.067075000,86.956521739,1
6,7.500000000,TestResults_conv_75,4,Tripod Pinch,5,0.025010000,1.000393000,100.000000000,1
6,7.500000000,TestResults_conv_75,4,Tripod Pinch,6,0.128529000,1.050414000,88.888888889,1
6,7.500000000,TestResults_conv_75,4,Tripod Pinch,7,0.171253000,1.000394000,86.956521739,1
6,7.500000000,TestResults_conv_75,4,Tripod Pinch,8,0.025009000,1.050413000,100.000000000,1
6,7.500000000,TestResults_conv_75,4,Tripod Pinch,9,0.003211000,0.950373000,97.560975610,1
6,7.500000000,TestResults_conv_75,4,Tripod Pinch,10,0.003120000,0.825313000,95.238095238,1
