Protocol,Model,GestureID,Gesture,Trial,ST_s,CT_s,RTA_pct,Completion
Static,QDA,1,Grasp and Release,1,0.025003000,1.024953000,100.000000000,1
Static,QDA,1,Grasp and Release,2,0.024994000,1.024949000,100.000000000,1
Static,QDA,1,Grasp and Release,3,0.025008000,1.049959000,100.000000000,1
Static,QDA,1,Grasp and Release,4,0.024997000,1.024950000,100.000000000,1
Static,QDA,1,Grasp and Release,5,0.024990000,1.049957000,100.000000000,1
Static,QDA,1,Grasp and Release,6,0.025001000,1.024951000,100.000000000,1
Static,QDA,1,Grasp and Release,7,0.024993000,1.024972000,100.000000000,1
Static,QDA,1,Grasp and Release,8,0.024995000,1.024958000,100.000000000,1
Static,QDA,1,Grasp and Release,9,0.025000000,1.024952000,100.000000000,1
Static,QDA,1,Grasp and Release,10,0.025002000,1.024951000,100.000000000,1
Static,QDA,2,Wrist Flexion/Extension,1,0.024993000,1.049923000,100.000000000,1
Static,QDA,2,Wrist Flexion/Extension,2,0.024997000,0.999953000,100.000000000,1
Static,QDA,2,Wrist Flexion/Extension,3,0.025002000,1.024940000,100.000000000,1
Static,QDA,2,Wrist Flexion/Extension,4,0.024991000,1.024950000,100.000000000,1
Static,QDA,2,Wrist Flexion/Extension,5,0.025001000,1.049953000,100.000000000,1
Static,QDA,2,Wrist Flexion/Extension,6,0.025002000,1.049961000,100.000000000,1
Static,QDA,2,Wrist Flexion/Extension,7,0.024999000,1.049937000,100.000000000,1
Static,QDA,2,Wrist Flexion/Extension,8,0.025001000,1.049954000,100.000000000,1
Static,QDA,2,Wrist Flexion/Extension,9,0.024999000,0.999946000,100.000000000,1
Static,QDA,2,Wrist Flexion/Extension,10,0.025000000,1.049948000,100.000000000,1
Static,QDA,3,Fourth and Fifth Fingers,1,0.049992000,1.049951000,97.560975610,1
Static,QDA,3,Fourth and Fifth Fingers,2,0.074995000,1.099940000,95.238095238,1
Static,QDA,3,Fourth and Fifth Fingers,3,0.074995000,1.074953000,97.560975610,1
Static,QDA,3,Fourth and Fifth Fingers,4,0.049995000,1.099945000,97.560975610,1
Static,QDA,3,Fourth and Fifth Fingers,5,0.049989000,1.074937000,97.560975610,1
Static,QDA,3,Fourth and Fifth Fingers,6,0.075000000,1.099946000,95.238095238,1
Static,QDA,3,Fourth and Fifth Fingers,7,0.049999000,1.124942000,97.560975610,1
Static,QDA,3,Fourth and Fifth Fingers,8,0.049990000,1.099939000,97.560975610,1
Static,QDA,3,Fourth and Fifth Fingers,9,0.075004000,1.074954000,95.238095238,1
Static,QDA,3,Fourth and Fifth Fingers,10,0.074992000,1.099938000,97.560975610,1
Static,QDA,4,Tripod Pinch,1,0.024997000,1.074943000,100.000000000,1
Static,QDA,4,Tripod Pinch,2,0.024998000,1.024945000,100.000000000,1
Static,QDA,4,Tripod Pinch,3,0.025000000,1.049951000,100.000000000,1
Static,QDA,4,Tripod Pinch,4,0.025002000,1.049962000,100.000000000,1
Static,QDA,4,Tripod Pinch,5,0.025001000,1.049953000,100.000000000,1
Static,QDA,4,Tripod Pinch,6,0.025005000,1.049962000,100.000000000,1
Static,QDA,4,Tripod Pinch,7,0.024997000,1.024939000,100.000000000,1
Static,QDA,4,Tripod Pinch,8,0.025000000,1.074956000,100.000000000,1
Static,QDA,4,Tripod Pinch,9,0.049999000,1.049944000,97.560975610,1
Static,QDA,4,Tripod Pinch,10,0.024994000,1.049949000,100.000000000,1
Static,SVM,1,Grasp and Release,1,0.099996000,1.149954000,88.888888889,0
Static,SVM,1,Grasp and Release,2,0.174990000,1.299940000,83.333333333,0
Static,SVM,1,Grasp and Release,3,0.199996000,1.149950000,88.888888889,0
Static,SVM,1,Grasp and Release,4,0.099989000,1.199938000,86.956521739,0
Static,SVM,1,Grasp and Release,5,0.124992000,1.199945000,88.888888889,0
Static,SVM,1,Grasp and Release,6,0.074992000,1.174947000,88.888888889,0
Static,SVM,1,Grasp and Release,7,0.099993000,1.174950000,88.888888889,0
Static,SVM,1,Grasp and Release,8,0.124990000,1.124943000,88.888888889,1
Static,SVM,1,Grasp and Release,9,0.149996000,1.074951000,93.023255814,1
Static,SVM,1,Grasp and Release,10,0.124991000,1.074953000,95.238095238,1
Static,SVM,2,Wrist Flexion/Extension,1,0.024999000,1.024954000,100.000000000,1
Static,SVM,2,Wrist Flexion/Extension,2,0.024997000,1.049956000,100.000000000,1
Static,SVM,2,Wrist Flexion/Extension,3,0.025001000,1.024950000,100.000000000,1
Static,SVM,2,Wrist Flexion/Extension,4,0.024993000,1.024944000,100.000000000,1
Static,SVM,2,Wrist Flexion/Extension,5,0.024994000,1.024953000,100.000000000,1
Static,SVM,2,Wrist Flexion/Extension,6,0.024996000,1.024947000,97.560975610,1
Static,SVM,2,Wrist Flexion/Extension,7,0.024999000,0.999952000,100.000000000,1
Static,SVM,2,Wrist Flexion/Extension,8,0.024997000,0.999957000,100.000000000,1
Static,SVM,2,Wrist Flexion/Extension,9,0.024997000,1.049949000,100.000000000,1
Static,SVM,2,Wrist Flexion/Extension,10,0.024996000,1.049947000,100.000000000,1
Static,SVM,3,Fourth and Fifth Fingers,1,0.124993000,1.149947000,90.909090909,0
Static,SVM,3,Fourth and Fifth Fingers,2,0.124998000,1.149952000,88.888888889,0
Static,SVM,3,Fourth and Fifth Fingers,3,0.149992000,1.124943000,90.909090909,1
Static,SVM,3,Fourth and Fifth Fingers,4,0.124995000,1.074957000,93.023255814,1
Static,SVM,3,Fourth and Fifth Fingers,5,0.100000000,1.099953000,90.909090909,1
Static,SVM,3,Fourth and Fifth Fingers,6,0.124997000,1.099955000,93.023255814,1
Static,SVM,3,Fourth and Fifth Fingers,7,0.099996000,1.099952000,93.023255814,1
Static,SVM,3,Fourth and Fifth Fingers,8,0.099998000,1.124952000,93.023255814,1
Static,SVM,3,Fourth and Fifth Fingers,9,0.099987000,1.099950000,93.023255814,1
Static,SVM,3,Fourth and Fifth Fingers,10,0.099997000,1.124951000,90.909090909,1
Static,SVM,4,Tripod Pinch,1,0.124997000,1.149946000,90.909090909,0
Static,SVM,4,Tripod Pinch,2,0.149985000,1.149942000,88.888888889,0
Static,SVM,4,Tripod Pinch,3,0.149996000,1.149947000,88.888888889,0
Static,SVM,4,Tripod Pinch,4,0.149995000,1.149948000,88.888888889,0
Static,SVM,4,Tripod Pinch,5,0.149992000,1.149941000,88.888888889,0
Static,SVM,4,Tripod Pinch,6,0.124989000,1.149946000,90.909090909,0
Static,SVM,4,Tripod Pinch,7,0.124992000,1.124946000,90.909090909,1
Static,SVM,4,Tripod Pinch,8,0.124989000,1.124940000,90.909090909,1
Static,SVM,4,Tripod Pinch,9,0.124994000,1.149941000,90.909090909,0
Static,SVM,4,Tripod Pinch,10,0.149993000,1.174944000,88.888888889,0
Static,kNN,1,Grasp and Release,1,0.124996000,1.124955000,90.909090909,1
Static,kNN,1,Grasp and Release,2,0.174995000,1.174945000,88.888888889,0
Static,kNN,1,Grasp and Release,3,0.125000000,1.174946000,90.909090909,0
Static,kNN,1,Grasp and Release,4,0.150001000,1.124951000,88.888888889,1
Static,kNN,1,Grasp and Release,5,0.124996000,1.099957000,90.909090909,1
Static,kNN,1,Grasp and Release,6,0.149997000,1.174948000,90.909090909,0
Static,kNN,1,Grasp and Release,7,0.149997000,1.149944000,88.888888889,0
Static,kNN,1,Grasp and Release,8,0.149995000,1.124964000,88.888888889,1
Static,kNN,1,Grasp and Release,9,0.174978000,1.174954000,86.956521739,0
Static,kNN,1,Grasp and Release,10,0.149989000,1.124953000,88.888888889,1
Static,kNN,2,Wrist Flexion/Extension,1,0.024998000,1.024970000,100.000000000,1
Static,kNN,2,Wrist Flexion/Extension,2,0.024998000,1.024958000,100.000000000,1
Static,kNN,2,Wrist Flexion/Extension,3,0.025004000,1.024956000,100.000000000,1
Static,kNN,2,Wrist Flexion/Extension,4,0.024989000,1.049942000,100.000000000,1
Static,kNN,2,Wrist Flexion/Extension,5,0.024995000,1.024959000,100.000000000,1
Static,kNN,2,Wrist Flexion/Extension,6,0.024998000,1.024932000,100.000000000,1
Static,kNN,2,Wrist Flexion/Extension,7,0.024994000,1.074960000,100.000000000,1
Static,kNN,2,Wrist Flexion/Extension,8,0.025005000,1.049952000,100.000000000,1
Static,kNN,2,Wrist Flexion/Extension,9,0.025003000,1.024945000,100.000000000,1
Static,kNN,2,Wrist Flexion/Extension,10,0.024995000,0.999957000,100.000000000,1
Static,kNN,3,Fourth and Fifth Fingers,1,0.024996000,0.999954000,100.000000000,1
Static,kNN,3,Fourth and Fifth Fingers,2,0.024995000,0.999960000,100.000000000,1
Static,kNN,3,Fourth and Fifth Fingers,3,0.025002000,0.999950000,100.000000000,1
Static,kNN,3,Fourth and Fifth Fingers,4,0.024995000,1.049939000,100.000000000,1
Static,kNN,3,Fourth and Fifth Fingers,5,0.025001000,1.024967000,100.000000000,1
Static,kNN,3,Fourth and Fifth Fingers,6,0.024992000,0.999964000,100.000000000,1
Static,kNN,3,Fourth and Fifth Fingers,7,0.025000000,0.999953000,100.000000000,1
Static,kNN,3,Fourth and Fifth Fingers,8,0.024994000,1.024960000,100.000000000,1
Static,kNN,3,Fourth and Fifth Fingers,9,0.025001000,1.024957000,100.000000000,1
Static,kNN,3,Fourth and Fifth Fingers,10,0.024993000,1.024963000,100.000000000,1
Static,kNN,4,Tripod Pinch,1,0.124997000,1.174327000,90.909090909,0
Static,kNN,4,Tripod Pinch,2,0.125005000,1.124973000,90.909090909,1
Static,kNN,4,Tripod Pinch,3,0.124984000,1.124950000,90.909090909,1
Static,kNN,4,Tripod Pinch,4,0.099998000,1.099957000,93.023255814,1
Static,kNN,4,Tripod Pinch,5,0.124990000,1.149940000,90.909090909,0
Static,kNN,4,Tripod Pinch,6,0.149994000,1.124939000,90.909090909,1
Static,kNN,4,Tripod Pinch,7,0.124993000,1.099943000,90.909090909,1
Static,kNN,4,Tripod Pinch,8,0.125004000,1.149948000,90.909090909,0
Static,kNN,4,Tripod Pinch,9,0.149995000,1.149949000,90.909090909,0
Static,kNN,4,Tripod Pinch,10,0.149996000,1.124950000,90.909090909,1
Static,NN,1,Grasp and Release,1,0.249986000,1.274935000,81.632653061,0
Static,NN,1,Grasp and Release,2,0.224985000,1.274938000,83.333333333,0
Static,NN,1,Grasp and Release,3,0.249989000,1.299937000,85.106382979,0
Static,NN,1,Grasp and Release,4,0.224990000,1.224946000,85.106382979,0
Static,NN,1,Grasp and Release,5,0.199990000,1.224941000,85.106382979,0
Static,NN,1,Grasp and Release,6,0.249986000,1.224943000,83.333333333,0
Static,NN,1,Grasp and Release,7,0.249986000,1.249940000,81.632653061,0
Static,NN,1,Grasp and Release,8,0.199997000,1.224936000,85.106382979,0
Static,NN,1,Grasp and Release,9,0.249989000,1.249948000,81.632653061,0
Static,NN,1,Grasp and Release,10,0.224989000,1.249941000,83.333333333,0
Static,NN,2,Wrist Flexion/Extension,1,0.024996000,0.999944000,100.000000000,1
Static,NN,2,Wrist Flexion/Extension,2,0.025000000,0.999956000,100.000000000,1
Static,NN,2,Wrist Flexion/Extension,3,0.024997000,0.999959000,100.000000000,1
Static,NN,2,Wrist Flexion/Extension,4,0.024990000,1.024943000,100.000000000,1
Static,NN,2,Wrist Flexion/Extension,5,0.024997000,1.024953000,100.000000000,1
Static,NN,2,Wrist Flexion/Extension,6,0.024999000,1.049951000,100.000000000,1
Static,NN,2,Wrist Flexion/Extension,7,0.024993000,1.049945000,100.000000000,1
Static,NN,2,Wrist Flexion/Extension,8,0.024999000,1.049960000,100.000000000,1
Static,NN,2,Wrist Flexion/Extension,9,0.025001000,1.024951000,100.000000000,1
Static,NN,2,Wrist Flexion/Extension,10,0.024997000,1.024954000,100.000000000,1
Static,NN,3,Fourth and Fifth Fingers,1,0.024999000,1.024953000,100.000000000,1
Static,NN,3,Fourth and Fifth Fingers,2,0.025000000,1.024959000,100.000000000,1
Static,NN,3,Fourth and Fifth Fingers,3,0.025005000,1.049960000,100.000000000,1
Static,NN,3,Fourth and Fifth Fingers,4,0.025002000,1.024955000,100.000000000,1
Static,NN,3,Fourth and Fifth Fingers,5,0.024999000,1.049948000,100.000000000,1
Static,NN,3,Fourth and Fifth Fingers,6,0.025001000,0.999954000,100.000000000,1
Static,NN,3,Fourth and Fifth Fingers,7,0.025000000,1.024950000,100.000000000,1
Static,NN,3,Fourth and Fifth Fingers,8,0.025004000,1.024954000,100.000000000,1
Static,NN,3,Fourth and Fifth Fingers,9,0.024995000,1.024955000,100.000000000,1
Static,NN,3,Fourth and Fifth Fingers,10,0.025004000,1.049959000,100.000000000,1
Static,NN,4,Tripod Pinch,1,0.099999000,1.099959000,93.023255814,1
Static,NN,4,Tripod Pinch,2,0.124994000,1.149946000,90.909090909,0
Static,NN,4,Tripod Pinch,3,0.124998000,1.124951000,90.909090909,1
Static,NN,4,Tripod Pinch,4,0.124993000,1.149947000,90.909090909,0
Static,NN,4,Tripod Pinch,5,0.124992000,1.149948000,90.909090909,0
Static,NN,4,Tripod Pinch,6,0.125002000,1.149945000,90.909090909,0
Static,NN,4,Tripod Pinch,7,0.124996000,1.149945000,90.909090909,0
Static,NN,4,Tripod Pinch,8,0.124993000,1.124949000,90.909090909,1
Static,NN,4,Tripod Pinch,9,0.099990000,1.099950000,93.023255814,1
Static,NN,4,Tripod Pinch,10,0.099990000,1.124933000,93.023255814,1
Static,DNN,1,Grasp and Release,1,0.149990000,1.199944000,88.888888889,0
Static,DNN,1,Grasp and Release,2,0.150004000,1.224954000,88.888888889,0
Static,DNN,1,Grasp and Release,3,0.174996000,1.224946000,86.956521739,0
Static,DNN,1,Grasp and Release,4,0.149991000,1.225567000,88.888888889,0
Static,DNN,1,Grasp and Release,5,0.199990000,1.224934000,86.956521739,0
Static,DNN,1,Grasp and Release,6,0.174982000,1.199943000,88.888888889,0
Static,DNN,1,Grasp and Release,7,0.174997000,1.199945000,88.888888889,0
Static,DNN,1,Grasp and Release,8,0.149993000,1.199948000,88.888888889,0
Static,DNN,1,Grasp and Release,9,0.124990000,1.149942000,90.909090909,0
Static,DNN,1,Grasp and Release,10,0.149992000,1.174936000,88.888888889,0
Static,DNN,2,Wrist Flexion/Extension,1,0.025001000,1.074946000,100.000000000,1
Static,DNN,2,Wrist Flexion/Extension,2,0.024991000,1.074937000,100.000000000,1
Static,DNN,2,Wrist Flexion/Extension,3,0.024994000,1.049940000,100.000000000,1
Static,DNN,2,Wrist Flexion/Extension,4,0.024996000,1.049946000,100.000000000,1
Static,DNN,2,Wrist Flexion/Extension,5,0.025002000,1.024950000,100.000000000,1
Static,DNN,2,Wrist Flexion/Extension,6,0.025005000,1.049948000,100.000000000,1
Static,DNN,2,Wrist Flexion/Extension,7,0.025000000,1.024950000,100.000000000,1
Static,DNN,2,Wrist Flexion/Extension,8,0.024990000,1.024946000,100.000000000,1
Static,DNN,2,Wrist Flexion/Extension,9,0.024999000,0.999954000,100.000000000,1
Static,DNN,2,Wrist Flexion/Extension,10,0.024997000,0.999945000,100.000000000,1
Static,DNN,3,Fourth and Fifth Fingers,1,0.024998000,1.024969000,100.000000000,1
Static,DNN,3,Fourth and Fifth Fingers,2,0.024998000,1.049956000,100.000000000,1
Static,DNN,3,Fourth and Fifth Fingers,3,0.025002000,1.024946000,100.000000000,1
Static,DNN,3,Fourth and Fifth Fingers,4,0.025006000,1.024949000,100.000000000,1
Static,DNN,3,Fourth and Fifth Fingers,5,0.024988000,1.024943000,100.000000000,1
Static,DNN,3,Fourth and Fifth Fingers,6,0.024994000,1.024948000,100.000000000,1
Static,DNN,3,Fourth and Fifth Fingers,7,0.025006000,1.024956000,100.000000000,1
Static,DNN,3,Fourth and Fifth Fingers,8,0.025004000,1.049959000,100.000000000,1
Static,DNN,3,Fourth and Fifth Fingers,9,0.024993000,0.999951000,100.000000000,1
Static,DNN,3,Fourth and Fifth Fingers,10,0.024999000,1.024956000,100.000000000,1
Static,DNN,4,Tripod Pinch,1,0.024997000,1.024951000,100.000000000,1
Static,DNN,4,Tripod Pinch,2,0.025000000,1.024956000,100.000000000,1
Static,DNN,4,Tripod Pinch,3,0.025005000,0.999960000,100.000000000,1
Static,DNN,4,Tripod Pinch,4,0.024999000,1.049951000,100.000000000,1
Static,DNN,4,Tripod Pinch,5,0.074998000,1.074937000,95.238095238,1
Static,DNN,4,Tripod Pinch,6,0.050000000,1.074946000,97.560975610,1
Static,DNN,4,Tripod Pinch,7,0.024996000,1.024957000,100.000000000,1
Static,DNN,4,Tripod Pinch,8,0.024995000,1.024949000,100.000000000,1
Static,DNN,4,Tripod Pinch,9,0.024999000,1.024960000,100.000000000,1
Static,DNN,4,Tripod Pinch,10,0.049989000,1.074937000,97.560975610,1
Dynamic,QDA,1,Grasp and Release,1,0.024998000,1.024955000,100.000000000,1
Dynamic,QDA,1,Grasp and Release,2,0.024995000,1.049951000,100.000000000,1
Dynamic,QDA,1,Grasp and Release,3,0.049995000,1.024948000,100.000000000,1
Dynamic,QDA,1,Grasp and Release,4,0.049999000,1.049955000,100.000000000,1
Dynamic,QDA,1,Grasp and Release,5,0.025007000,1.024945000,100.000000000,1
Dynamic,QDA,1,Grasp and Release,6,0.024993000,1.049947000,100.000000000,1
Dynamic,QDA,1,Grasp and Release,7,0.050004000,1.074947000,100.000000000,1
Dynamic,QDA,1,Grasp and Release,8,0.025001000,1.049952000,100.000000000,1
Dynamic,QDA,1,Grasp and Release,9,0.025008000,1.049960000,100.000000000,1
Dynamic,QDA,1,Grasp and Release,10,0.024992000,0.999941000,100.000000000,1
Dynamic,QDA,2,Wrist Flexion/Extension,1,0.024991000,1.024941000,100.000000000,1
Dynamic,QDA,2,Wrist Flexion/Extension,2,0.025001000,0.999948000,100.000000000,1
Dynamic,QDA,2,Wrist Flexion/Extension,3,0.025000000,1.049943000,100.000000000,1
Dynamic,QDA,2,Wrist Flexion/Extension,4,0.024996000,1.049945000,100.000000000,1
Dynamic,QDA,2,Wrist Flexion/Extension,5,0.025003000,1.024958000,100.000000000,1
Dynamic,QDA,2,Wrist Flexion/Extension,6,0.025001000,1.024950000,100.000000000,1
Dynamic,QDA,2,Wrist Flexion/Extension,7,0.024991000,1.024940000,100.000000000,1
Dynamic,QDA,2,Wrist Flexion/Extension,8,0.025009000,1.024951000,100.000000000,1
Dynamic,QDA,2,Wrist Flexion/Extension,9,0.025000000,1.024949000,100.000000000,1
Dynamic,QDA,2,Wrist Flexion/Extension,10,0.024996000,0.999950000,100.000000000,1
Dynamic,QDA,3,Fourth and Fifth Fingers,1,0.124995000,1.124953000,90.909090909,1
Dynamic,QDA,3,Fourth and Fifth Fingers,2,0.124999000,1.099948000,90.909090909,1
Dynamic,QDA,3,Fourth and Fifth Fingers,3,0.099997000,1.124956000,93.023255814,1
Dynamic,QDA,3,Fourth and Fifth Fingers,4,0.100002000,1.149946000,93.023255814,0
Dynamic,QDA,3,Fourth and Fifth Fingers,5,0.124994000,1.149962000,90.909090909,0
Dynamic,QDA,3,Fourth and Fifth Fingers,6,0.099999000,1.124974000,93.023255814,1
Dynamic,QDA,3,Fourth and Fifth Fingers,7,0.125006000,1.124950000,90.909090909,1
Dynamic,QDA,3,Fourth and Fifth Fingers,8,0.124999000,1.174955000,90.909090909,0
Dynamic,QDA,3,Fourth and Fifth Fingers,9,0.100008000,1.149948000,93.023255814,0
Dynamic,QDA,3,Fourth and Fifth Fingers,10,0.100006000,1.099949000,93.023255814,1
Dynamic,QDA,4,Tripod Pinch,1,0.075003000,1.099950000,95.238095238,1
Dynamic,QDA,4,Tripod Pinch,2,0.050002000,1.074951000,97.560975610,1
Dynamic,QDA,4,Tripod Pinch,3,0.075004000,1.074950000,95.238095238,1
Dynamic,QDA,4,Tripod Pinch,4,0.074994000,1.074945000,95.238095238,1
Dynamic,QDA,4,Tripod Pinch,5,0.075000000,1.099941000,95.238095238,1
Dynamic,QDA,4,Tripod Pinch,6,0.050000000,1.049950000,97.560975610,1
Dynamic,QDA,4,Tripod Pinch,7,0.099998000,1.099945000,93.023255814,1
Dynamic,QDA,4,Tripod Pinch,8,0.049999000,1.049944000,97.560975610,1
Dynamic,QDA,4,Tripod Pinch,9,0.075000000,1.099939000,95.238095238,1
Dynamic,QDA,4,Tripod Pinch,10,0.075004000,1.074950000,95.238095238,1
Dynamic,SVM,1,Grasp and Release,1,0.050000000,1.074943000,97.560975610,1
Dynamic,SVM,1,Grasp and Release,2,0.049999000,1.099949000,97.560975610,1
Dynamic,SVM,1,Grasp and Release,3,0.049999000,1.074957000,97.560975610,1
Dynamic,SVM,1,Grasp and Release,4,0.050004000,1.049961000,97.560975610,1
Dynamic,SVM,1,Grasp and Release,5,0.074997000,1.224953000,93.023255814,0
Dynamic,SVM,1,Grasp and Release,6,0.025001000,1.099951000,100.000000000,1
Dynamic,SVM,1,Grasp and Release,7,0.049995000,1.124950000,95.238095238,1
Dynamic,SVM,1,Grasp and Release,8,0.074998000,1.149948000,93.023255814,0
Dynamic,SVM,1,Grasp and Release,9,0.024993000,1.124936000,100.000000000,1
Dynamic,SVM,1,Grasp and Release,10,0.074993000,1.124947000,95.238095238,1
Dynamic,SVM,2,Wrist Flexion/Extension,1,0.050000000,1.124946000,97.560975610,1
Dynamic,SVM,2,Wrist Flexion/Extension,2,0.074995000,1.199944000,90.909090909,0
Dynamic,SVM,2,Wrist Flexion/Extension,3,0.049996000,1.149945000,95.238095238,0
Dynamic,SVM,2,Wrist Flexion/Extension,4,0.099989000,1.224939000,90.909090909,0
Dynamic,SVM,2,Wrist Flexion/Extension,5,0.074992000,1.199945000,90.909090909,0
Dynamic,SVM,2,Wrist Flexion/Extension,6,0.099997000,1.174941000,93.023255814,0
Dynamic,SVM,2,Wrist Flexion/Extension,7,0.124994000,1.224943000,90.909090909,0
Dynamic,SVM,2,Wrist Flexion/Extension,8,0.074997000,1.199945000,93.023255814,0
Dynamic,SVM,2,Wrist Flexion/Extension,9,0.124998000,1.199944000,93.023255814,0
Dynamic,SVM,2,Wrist Flexion/Extension,10,0.174993000,1.249930000,90.909090909,0
Dynamic,SVM,3,Fourth and Fifth Fingers,1,0.099997000,1.199956000,93.023255814,0
Dynamic,SVM,3,Fourth and Fifth Fingers,2,0.125003000,1.174952000,93.023255814,0
Dynamic,SVM,3,Fourth and Fifth Fingers,3,0.099995000,1.149955000,93.023255814,0
Dynamic,SVM,3,Fourth and Fifth Fingers,4,0.075001000,1.124954000,95.238095238,1
Dynamic,SVM,3,Fourth and Fifth Fingers,5,0.124989000,1.199949000,93.023255814,0
Dynamic,SVM,3,Fourth and Fifth Fingers,6,0.099994000,1.174946000,93.023255814,0
Dynamic,SVM,3,Fourth and Fifth Fingers,7,0.124993000,1.174944000,93.023255814,0
Dynamic,SVM,3,Fourth and Fifth Fingers,8,0.125000000,1.174961000,93.023255814,0
Dynamic,SVM,3,Fourth and Fifth Fingers,9,0.099995000,1.149951000,93.023255814,0
Dynamic,SVM,3,Fourth and Fifth Fingers,10,0.149994000,1.199927000,90.909090909,0
Dynamic,SVM,4,Tripod Pinch,1,0.099986000,1.149944000,93.023255814,0
Dynamic,SVM,4,Tripod Pinch,2,0.024999000,1.124938000,95.238095238,1
Dynamic,SVM,4,Tripod Pinch,3,0.050003000,1.124938000,95.238095238,1
Dynamic,SVM,4,Tripod Pinch,4,0.075003000,1.174937000,93.023255814,0
Dynamic,SVM,4,Tripod Pinch,5,0.074994000,1.124929000,93.023255814,1
Dynamic,SVM,4,Tripod Pinch,6,0.100002000,1.124933000,95.238095238,1
Dynamic,SVM,4,Tripod Pinch,7,0.125001000,1.099934000,95.238095238,1
Dynamic,SVM,4,Tripod Pinch,8,0.025000000,1.174954000,93.023255814,0
Dynamic,SVM,4,Tripod Pinch,9,0.050010000,1.124950000,93.023255814,1
Dynamic,SVM,4,Tripod Pinch,10,0.075002000,1.174935000,93.023255814,0
Dynamic,kNN,1,Grasp and Release,1,0.024999000,1.024916000,100.000000000,1
Dynamic,kNN,1,Grasp and Release,2,0.025000000,1.074934000,100.000000000,1
Dynamic,kNN,1,Grasp and Release,3,0.049999000,1.074945000,100.000000000,1
Dynamic,kNN,1,Grasp and Release,4,0.024997000,1.049945000,100.000000000,1
Dynamic,kNN,1,Grasp and Release,5,0.049995000,1.049956000,100.000000000,1
Dynamic,kNN,1,Grasp and Release,6,0.025000000,1.074946000,100.000000000,1
Dynamic,kNN,1,Grasp and Release,7,0.024996000,1.074957000,100.000000000,1
Dynamic,kNN,1,Grasp and Release,8,0.024993000,1.049946000,100.000000000,1
Dynamic,kNN,1,Grasp and Release,9,0.024999000,1.024945000,100.000000000,1
Dynamic,kNN,1,Grasp and Release,10,0.025003000,1.049945000,100.000000000,1
Dynamic,kNN,2,Wrist Flexion/Extension,1,0.025000000,1.024952000,100.000000000,1
Dynamic,kNN,2,Wrist Flexion/Extension,2,0.025002000,1.024948000,100.000000000,1
Dynamic,kNN,2,Wrist Flexion/Extension,3,0.025000000,1.049950000,100.000000000,1
Dynamic,kNN,2,Wrist Flexion/Extension,4,0.025002000,1.049950000,100.000000000,1
Dynamic,kNN,2,Wrist Flexion/Extension,5,0.025002000,1.049958000,100.000000000,1
Dynamic,kNN,2,Wrist Flexion/Extension,6,0.025007000,1.024946000,100.000000000,1
Dynamic,kNN,2,Wrist Flexion/Extension,7,0.024998000,1.024947000,100.000000000,1
Dynamic,kNN,2,Wrist Flexion/Extension,8,0.025003000,1.024951000,100.000000000,1
Dynamic,kNN,2,Wrist Flexion/Extension,9,0.024995000,1.049945000,100.000000000,1
Dynamic,kNN,2,Wrist Flexion/Extension,10,0.024990000,1.074935000,100.000000000,1
Dynamic,kNN,3,Fourth and Fifth Fingers,1,0.025006000,1.049961000,100.000000000,1
Dynamic,kNN,3,Fourth and Fifth Fingers,2,0.024996000,1.024952000,100.000000000,1
Dynamic,kNN,3,Fourth and Fifth Fingers,3,0.024995000,1.049950000,100.000000000,1
Dynamic,kNN,3,Fourth and Fifth Fingers,4,0.024997000,1.024953000,100.000000000,1
Dynamic,kNN,3,Fourth and Fifth Fingers,5,0.025003000,1.024967000,100.000000000,1
Dynamic,kNN,3,Fourth and Fifth Fingers,6,0.025000000,1.024963000,100.000000000,1
Dynamic,kNN,3,Fourth and Fifth Fingers,7,0.050004000,1.049963000,97.560975610,1
Dynamic,kNN,3,Fourth and Fifth Fingers,8,0.024997000,1.024954000,100.000000000,1
Dynamic,kNN,3,Fourth and Fifth Fingers,9,0.025000000,1.024954000,100.000000000,1
Dynamic,kNN,3,Fourth and Fifth Fingers,10,0.024998000,0.999953000,100.000000000,1
Dynamic,kNN,4,Tripod Pinch,1,0.099994000,1.099945000,93.023255814,1
Dynamic,kNN,4,Tripod Pinch,2,0.125003000,1.149958000,90.909090909,0
Dynamic,kNN,4,Tripod Pinch,3,0.124991000,1.124939000,90.909090909,1
Dynamic,kNN,4,Tripod Pinch,4,0.099998000,1.124948000,93.023255814,1
Dynamic,kNN,4,Tripod Pinch,5,0.125004000,1.124957000,93.023255814,1
Dynamic,kNN,4,Tripod Pinch,6,0.099998000,1.124948000,93.023255814,1
Dynamic,kNN,4,Tripod Pinch,7,0.100006000,1.124962000,93.023255814,1
Dynamic,kNN,4,Tripod Pinch,8,0.100002000,1.124934000,93.023255814,1
Dynamic,kNN,4,Tripod Pinch,9,0.100000000,1.174942000,93.023255814,0
Dynamic,kNN,4,Tripod Pinch,10,0.099995000,1.124936000,93.023255814,1
Dynamic,NN,1,Grasp and Release,1,0.024995000,1.049948000,100.000000000,1
Dynamic,NN,1,Grasp and Release,2,0.024990000,1.074944000,100.000000000,1
Dynamic,NN,1,Grasp and Release,3,0.024995000,1.074945000,100.000000000,1
Dynamic,NN,1,Grasp and Release,4,0.024999000,1.074952000,100.000000000,1
Dynamic,NN,1,Grasp and Release,5,0.049999000,1.099968000,100.000000000,1
Dynamic,NN,1,Grasp and Release,6,0.049993000,1.099943000,100.000000000,1
Dynamic,NN,1,Grasp and Release,7,0.025000000,1.099961000,97.560975610,1
Dynamic,NN,1,Grasp and Release,8,0.049993000,1.099948000,100.000000000,1
Dynamic,NN,1,Grasp and Release,9,0.024995000,1.074955000,100.000000000,1
Dynamic,NN,1,Grasp and Release,10,0.024992000,1.124945000,97.560975610,1
Dynamic,NN,2,Wrist Flexion/Extension,1,0.025000000,1.074948000,100.000000000,1
Dynamic,NN,2,Wrist Flexion/Extension,2,0.025005000,1.074949000,100.000000000,1
Dynamic,NN,2,Wrist Flexion/Extension,3,0.024997000,1.074946000,100.000000000,1
Dynamic,NN,2,Wrist Flexion/Extension,4,0.025001000,1.024954000,100.000000000,1
Dynamic,NN,2,Wrist Flexion/Extension,5,0.024999000,1.074953000,100.000000000,1
Dynamic,NN,2,Wrist Flexion/Extension,6,0.025004000,1.124949000,100.000000000,1
Dynamic,NN,2,Wrist Flexion/Extension,7,0.024998000,1.099946000,100.000000000,1
Dynamic,NN,2,Wrist Flexion/Extension,8,0.024999000,1.074941000,100.000000000,1
Dynamic,NN,2,Wrist Flexion/Extension,9,0.024998000,1.074951000,100.000000000,1
Dynamic,NN,2,Wrist Flexion/Extension,10,0.024996000,1.049959000,100.000000000,1
Dynamic,NN,3,Fourth and Fifth Fingers,1,0.024992000,1.074944000,100.000000000,1
Dynamic,NN,3,Fourth and Fifth Fingers,2,0.025001000,1.074952000,100.000000000,1
Dynamic,NN,3,Fourth and Fifth Fingers,3,0.024998000,1.099946000,100.000000000,1
Dynamic,NN,3,Fourth and Fifth Fingers,4,0.049996000,1.099952000,100.000000000,1
Dynamic,NN,3,Fourth and Fifth Fingers,5,0.024998000,1.049955000,100.000000000,1
Dynamic,NN,3,Fourth and Fifth Fingers,6,0.025001000,1.074946000,100.000000000,1
Dynamic,NN,3,Fourth and Fifth Fingers,7,0.025007000,1.124955000,100.000000000,1
Dynamic,NN,3,Fourth and Fifth Fingers,8,0.050000000,1.074951000,97.560975610,1
Dynamic,NN,3,Fourth and Fifth Fingers,9,0.025001000,1.074951000,100.000000000,1
Dynamic,NN,3,Fourth and Fifth Fingers,10,0.024998000,1.049964000,100.000000000,1
Dynamic,NN,4,Tripod Pinch,1,0.099991000,1.149943000,93.023255814,0
Dynamic,NN,4,Tripod Pinch,2,0.124986000,1.174938000,90.909090909,0
Dynamic,NN,4,Tripod Pinch,3,0.149987000,1.174935000,90.909090909,0
Dynamic,NN,4,Tripod Pinch,4,0.099991000,1.149940000,95.238095238,0
Dynamic,NN,4,Tripod Pinch,5,0.149986000,1.124935000,90.909090909,1
Dynamic,NN,4,Tripod Pinch,6,0.124995000,1.149944000,93.023255814,0
Dynamic,NN,4,Tripod Pinch,7,0.075001000,1.099958000,95.238095238,1
Dynamic,NN,4,Tripod Pinch,8,0.099988000,1.149930000,95.238095238,0
Dynamic,NN,4,Tripod Pinch,9,0.125002000,1.174956000,90.909090909,0
Dynamic,NN,4,Tripod Pinch,10,0.124987000,1.124932000,93.023255814,1
Dynamic,DNN,1,Grasp and Release,1,0.024997000,1.049943000,97.560975610,1
Dynamic,DNN,1,Grasp and Release,2,0.025002000,1.049950000,97.560975610,1
Dynamic,DNN,1,Grasp and Release,3,0.024996000,1.074954000,97.560975610,1
Dynamic,DNN,1,Grasp and Release,4,0.024997000,1.074953000,100.000000000,1
Dynamic,DNN,1,Grasp and Release,5,0.024996000,1.074947000,100.000000000,1
Dynamic,DNN,1,Grasp and Release,6,0.025000000,1.099942000,97.560975610,1
Dynamic,DNN,1,Grasp and Release,7,0.025000000,1.074946000,97.560975610,1
Dynamic,DNN,1,Grasp and Release,8,0.024998000,1.049950000,97.560975610,1
Dynamic,DNN,1,Grasp and Release,9,0.024996000,1.099948000,97.560975610,1
Dynamic,DNN,1,Grasp and Release,10,0.024999000,1.049949000,100.000000000,1
Dynamic,DNN,2,Wrist Flexion/Extension,1,0.024998000,1.049947000,100.000000000,1
Dynamic,DNN,2,Wrist Flexion/Extension,2,0.025001000,1.024951000,100.000000000,1
Dynamic,DNN,2,Wrist Flexion/Extension,3,0.025003000,1.049948000,100.000000000,1
Dynamic,DNN,2,Wrist Flexion/Extension,4,0.024995000,1.024938000,100.000000000,1
Dynamic,DNN,2,Wrist Flexion/Extension,5,0.025000000,1.024951000,100.000000000,1
Dynamic,DNN,2,Wrist Flexion/Extension,6,0.025001000,1.049953000,100.000000000,1
Dynamic,DNN,2,Wrist Flexion/Extension,7,0.025003000,1.024951000,100.000000000,1
Dynamic,DNN,2,Wrist Flexion/Extension,8,0.025006000,1.049943000,100.000000000,1
Dynamic,DNN,2,Wrist Flexion/Extension,9,0.024993000,1.049956000,100.000000000,1
Dynamic,DNN,2,Wrist Flexion/Extension,10,0.050000000,1.074947000,100.000000000,1
Dynamic,DNN,3,Fourth and Fifth Fingers,1,0.050000000,1.099957000,97.560975610,1
Dynamic,DNN,3,Fourth and Fifth Fingers,2,0.049989000,1.074945000,97.560975610,1
Dynamic,DNN,3,Fourth and Fifth Fingers,3,0.050001000,1.074952000,97.560975610,1
Dynamic,DNN,3,Fourth and Fifth Fingers,4,0.049995000,1.074951000,97.560975610,1
Dynamic,DNN,3,Fourth and Fifth Fingers,5,0.024996000,1.074952000,97.560975610,1
Dynamic,DNN,3,Fourth and Fifth Fingers,6,0.049991000,1.049947000,97.560975610,1
Dynamic,DNN,3,Fourth and Fifth Fingers,7,0.049995000,1.049954000,97.560975610,1
Dynamic,DNN,3,Fourth and Fifth Fingers,8,0.050002000,1.074951000,97.560975610,1
Dynamic,DNN,3,Fourth and Fifth Fingers,9,0.049998000,1.049952000,97.560975610,1
Dynamic,DNN,3,Fourth and Fifth Fingers,10,0.049996000,1.074956000,97.560975610,1
Dynamic,DNN,4,Tripod Pinch,1,0.024998000,1.024961000,100.000000000,1
Dynamic,DNN,4,Tripod Pinch,2,0.024998000,1.074948000,97.560975610,1
Dynamic,DNN,4,Tripod Pinch,3,0.075002000,1.049949000,100.000000000,1
Dynamic,DNN,4,Tripod Pinch,4,0.024996000,1.074953000,95.238095238,1
Dynamic,DNN,4,Tripod Pinch,5,0.075000000,0.999949000,100.000000000,1
Dynamic,DNN,4,Tripod Pinch,6,0.024998000,1.074941000,100.000000000,1
Dynamic,DNN,4,Tripod Pinch,7,0.024999000,1.074941000,100.000000000,1
Dynamic,DNN,4,Tripod Pinch,8,0.025000000,1.049942000,100.000000000,1
Dynamic,DNN,4,Tripod Pinch,9,0.024998000,1.049944000,97.560975610,1
Dynamic,DNN,4,Tripod Pinch,10,0.025003000,1.074929000,97.560975610,1
