path,size_bytes,sha256
.gitignore,272,a9a2b96fb0ebd8f9163dbf3b06d3f364c96628d81f31d8e77e0814c4456c31ed
CITATION.cff,531,ef7a616559efa60cafff205ade5a20e46ad662d5b264c448425ee068758d18b0
README.md,6199,07596dbd9c402513e3f44cb83dedd2e3f973f7f541baa1e8243e1c0eb8c4b50c
code/csv_to_training_mat.m,828,da4f3c43d19269be1655907c4c57479f367701c00ebeb2a337357cb50a678732
code/export_lpe_csv.py,3285,64677970299bc95fe9af6f47ea389b934680a8c250409a1159168766a6bd4ede
code/export_online_csv.py,3201,7a46e1ce4ffeaf57321cabaf0601830779f28828021c567f268dbe5c3971f607
code/inspect_raw_acquisition.py,761,22d4e25c416a706811bb3a576a2d2d465d3637452488bc1c97291492672464b3
code/load_kmg_training_data.m,2598,2946407181663da3ad080b64ef2ef1c18782802caf93a7047d2d73c18434c747
code/load_raw_acquisition.m,973,8943fe1bb2d7a07ec5927102cd7624ccd1dbdf6512945a2bf10d00800298156d
code/plot_figure7_static_dynamic.m,9120,ddbf7a93eb0a1a5d24f89f0309aba07eb7f086c343e212425f9f2e9ee5346452
code/predict_with_trained_dnn.m,1560,eb2da85b5a8b5fee45107aa975f67097909991796f09021cc93c8545947dcb07
code/reproduce_lpe_table.m,3426,660a2297f2e1204e1b4324b765eff47b781bdfb263c596619aceaf98bcb431ea
code/reproduce_statistical_analysis.m,39954,1c7f1263c16ee816ce55a6a8d96499f80c2c2405cc063ac39f07ad8c6f132a2d
code/train_all_dnn.m,207,8110c536c7715bacc19f1caa5faea3cc1ee79279d265fcaf8590b6867d90cc2c
code/train_dnn.m,3124,d4810f41430eb3201ef248c205ae715a3bbe5a2239b24b6f3dffd114a1c04973
code/verify_release.py,3806,1f37cabcd5fbc39978433d6b5edb5cb6208250c9aa545d9a15e737e2d1415d16
data/lpe/DNN_LPE.mat,177580,abe4e7118e4ae072ef895637d973646d45187209fbaabebbe8043715aaf20cf9
data/online/dynamic/DNN.mat,15330433,fa38b85075e79f5a56a3c616f6e50ff7929f56990465fded96f32264a3e73d41
data/online/dynamic/NN.mat,14994444,c6ec2a485a80a24425b2e601bdef59473fbfa6d00da3622f84c18e321414dcb6
data/online/dynamic/QDA.mat,15371360,bcba940f48e3fe068c20970fe800bd38a92a23fd9d312cc46e43ec44d5d36fe1
data/online/dynamic/SVM.mat,15463309,33f7f708ff3278d8b4f1750bd03cb29b8666a7c47f0137d8d1a72b730e2a7cc7
data/online/dynamic/kNN.mat,15776878,c80cc84a9554dca4aa69f188b309818f4d2e18aa89715ec5216c8a669d4a206f
data/online/static/DNN.mat,376468,8dea1e40a3ae192c99f0d29a2cf276d26e56fd78bfbb1bd5331c2d0b7fd1576a
data/online/static/NN.mat,3244285,7f10155e2dc7fafb9e456429a0e53ed45e6404dd329550bad0e0481b19fa5346
data/online/static/QDA.mat,3616349,907dbed2595fc2d8ee716fb5f0ce9c92bbf85022b83a0497cfac353adeb591ac
data/online/static/SVM.mat,3471834,50a22e6761e3a1f81431b4a38bb04d04659d26a216e22f771de384a1fa985a6b
data/online/static/kNN.mat,3396449,115fe7f08299d651ea069afae7b3b9e399d6b1b741510aded11306115e3b0fd9
data/processed/dynamic_summary.csv,442,7edb18a36ba35a6ee303c34697e6e68047968793f92b0763b1210cfe68bdc7da
data/processed/gesture_level_summary.csv,4198,09d8894def2bb87fa1e26e7d2e9f434c3bee080853be8da45d1de629bfedf182
data/processed/lpe_condition_summary.csv,2558,e2b20b50350e7a821f804d049c93e7a5bb9b2406447229f4149a6c1f470daf73
data/processed/lpe_summary.csv,456,0704ebff7301649ebc202be75c3ae2accbd122e9bd2e7fe4e05becdc01a822fa
data/processed/lpe_trials.csv,23413,6df1afd74848983c1898dab2cdc9e66f349085365708758c1325a62b61c8437c
data/processed/online_trials.csv,30030,1507288ed7736691c2a688ebe015d1e067cfe0b173518485771dd77aa01a6d2a
data/processed/static_summary.csv,442,8fb06c5df12ae52c511ef31a158b99ae12583bd5b978ec709d29ad19c9f87bdc
data/raw/README.md,689,229e7cdbf613bab7795a1b7783f1aee722c5590af16d172553c8cda176c2ffb2
data/raw/mmdreza.csv,41185217,bebdca9c6a56f26020d2191f9fb1ad60030a89fa6205ed003e1042c7101791ee
data/training/README.md,944,8aaca5eb0fcffd686daaaa2437982104a97a813821430b01c28e7e2cf7b03ccd
docs/DATA_DICTIONARY.md,3818,a23c378dae5bc0ea441a26f8131670110f53d97ee42a53eb851c3ccbbcb026e8
docs/EXPECTED_OUTPUTS.md,1586,26143b1b24b333bc172fdc440628035d676dd1bce6210b85fd167bf9b2ec96b0
docs/FILE_PROVENANCE.md,2753,7f5a3ac18a55fcc433c8fcf55f6abd1c57ff009d89e757c4e5425ea90b85ca41
outputs/analysis/.gitkeep,0,e3b0c44298fc1c149afbf4c8996fb92427ae41e4649b934ca495991b7852b855
outputs/figures/.gitkeep,0,e3b0c44298fc1c149afbf4c8996fb92427ae41e4649b934ca495991b7852b855
outputs/models/.gitkeep,0,e3b0c44298fc1c149afbf4c8996fb92427ae41e4649b934ca495991b7852b855
reference_outputs/Fig7_Static_Dynamic_Integrated.pdf,50241,b4a9c17b4bc23403b3ce8d57372f6721c890e1080e30d28a212aa95849c83872
reference_outputs/Fig7_Static_Dynamic_Integrated.png,485619,116ccb026c6affbda8e48df8ae27c66754f2e6a53f80547d10b405037d01416d
reference_outputs/KMG_Independent_Statistical_Analysis.xlsx,38200,643ff2ff938fc9b4546a71e1b80da748d022aeac9967eace3d28665ce4e87d2e
reference_outputs/KMG_Manuscript_Statistical_Summary.txt,4133,7b2d0949d39bdb5d283611e0a00eb92c0ff9a007ade44d1df798672de067dda2
requirements.txt,19,6c7796c75d62bed74a0cf7e6da0b4fd1b8ee0cf10609d986025bb24a303d1877
